Workbook

Sheet Codebook
A1: Codebook
A2: Variable name | B2: Variable Description
A3: SOURCE_AUTHOR | B3: First author of input source
A4: SOURCE_YEAR | B4: Year of publication
A5: SOURCE_TITLE | B5: Title of source
A6: SOURCE_URL | B6: URL of source, other than DOI (if available)
A7: OPT_ACCESS_DATE | B7: Date the reviewer accessed the source, for websites & grey literature
A8: OPT_STUDY_TYPE | B8: Study type of the input source
A9: OPT_OTHER_STUDY_TYPE | B9: Details if OPT_STUDY_TYPE = "Other"
A10: REF_YEAR_START | B10: Starting year of the data derived from the input source
A11: REF_YEAR_END | B11: End year of the data derived from the input source
A12: REF_LOC_LEVEL | B12: Location level investigated by the input source
A13: REF_LOCATION | B13: Geographic location for which the input source was used
... A28: VALUE_P97_5 | B28: 97.5th percentile of the data derived from the input source (upper limit 95%CI)

Sheet Incidence
A1: SOURCE_AUTHOR | B1: SOURCE_YEAR | C1: SOURCE_TITLE | D1: SOURCE_URL | E1: OPT_ACCESS_DATE | F1: OPT_STUDY_TYPE | G1: OPT_OTHER_STUDY_TYPE | H1: REF_YEAR_START | I1: REF_YEAR_END | J1: REF_LOCATION | K1: REF_LOCATION_ISO3 | L1: OPT_DISEASE | M1: REF_SAMPLE_SIZE | N1: VALUE_X | O1: VALUE_MEAN | P1: VALUE_MEDIAN | Q1: VALUE_DENOM | R1: VALUE_P2_5 | S1: VALUE_P5 | T1: VALUE_P10 | U1: VALUE_P25 | V1: VALUE_P75 | W1: VALUE_P90 | X1: VALUE_P95 | Y1: VALUE_P97_5
A2: Beninca | B2: 2024 | C2: Disease burden of foodrelated pathogens in the Netherlands, 2023 | D2: chrome-extension://efaidnbmnnnibpcajpcglclefindmkaj/https://www.rivm.nl/bibliotheek/rapporten/2024-0146.pdf | E2: 45748 | F2: Other | G2: National Burden study | H2: 2023 | I2: 2023 | J2: Netherlands | K2: =IF(J2<>"", VLOOKUP(J2, 'Drop down values'!$C$2:$D$195, 2, FALSE), "") -> NLD | L2: Campylobacter | O2: 56000 | R2: 9000 | Y2: 170000
A3: Beninca | B3: 2024 | C3: Disease burden of foodrelated pathogens in the Netherlands, 2023 | D3: chrome-extension://efaidnbmnnnibpcajpcglclefindmkaj/https://www.rivm.nl/bibliotheek/rapporten/2024-0146.pdf | E3: 45748 | F3: Other | G3: National Burden study | H3: 2023 | I3: 2023 | J3: Netherlands | K3: =IF(J3<>"", VLOOKUP(J3, 'Drop down values'!$C$2:$D$195, 2, FALSE), "") -> NLD | L3: Cryptosporidium | O3: 130000 | R3: 42000 | Y3: 340000
A4: Beninca | B4: 2024 | C4: Disease burden of foodrelated pathogens in the Netherlands, 2023 | D4: chrome-extension://efaidnbmnnnibpcajpcglclefindmkaj/https://www.rivm.nl/bibliotheek/rapporten/2024-0146.pdf | E4: 45748 | F4: Other | G4: National Burden study | H4: 2023 | I4: 2023 | J4: Netherlands | K4: =IF(J4<>"", VLOOKUP(J4, 'Drop down values'!$C$2:$D$195, 2, FALSE), "") -> NLD | L4: Giardia | O4: 83000 | R4: 41000 | Y4: 160000
A5: Beninca | B5: 2024 | C5: Disease burden of foodrelated pathogens in the Netherlands, 2023 | D5: chrome-extension://efaidnbmnnnibpcajpcglclefindmkaj/https://www.rivm.nl/bibliotheek/rapporten/2024-0146.pdf | E5: 45748 | F5: Other | G5: National Burden study | H5: 2023 | I5: 2023 | J5: Netherlands | K5: =IF(J5<>"", VLOOKUP(J5, 'Drop down values'!$C$2:$D$195, 2, FALSE), "") -> NLD | L5: Norovirus | O5: 740000 | R5: 500000 | Y5: 1100000
A6: Beninca | B6: 2024 | C6: Disease burden of foodrelated pathogens in the Netherlands, 2023 | D6: chrome-extension://efaidnbmnnnibpcajpcglclefindmkaj/https://www.rivm.nl/bibliotheek/rapporten/2024-0146.pdf | E6: 45748 | F6: Other | G6: National Burden study | H6: 2023 | I6: 2023 | J6: Netherlands | K6: =IF(J6<>"", VLOOKUP(J6, 'Drop down values'!$C$2:$D$195, 2, FALSE), "") -> NLD | L6: Rotavirus | O6: 190000 | R6: 93000 | Y6: 340000
A7: Beninca | B7: 2024 | C7: Disease burden of foodrelated pathogens in the Netherlands, 2023 | D7: chrome-extension://efaidnbmnnnibpcajpcglclefindmkaj/https://www.rivm.nl/bibliotheek/rapporten/2024-0146.pdf | E7: 45748 | F7: Other | G7: National Burden study | H7: 2023 | I7: 2023 | J7: Netherlands | K7: =IF(J7<>"", VLOOKUP(J7, 'Drop down values'!$C$2:$D$195, 2, FALSE), "") -> NLD | L7: Salmonella | O7: 41000 | R7: 4000 | Y7: 140000
A8: Cressey | B8: 2014 | C8: Risk Ranking: Updated Estimates of The Burden Of Foodborne Disease For New Zealand In 2013 | D8: https://www.mpi.govt.nz/dmsdocument/14146-Risk-Ranking-Updated-estimates-of-the-burden-of-foodborne-disease-for-New-Zealand-in-2013 | E8: 45716 | F8: Other | G8: National Burden study | H8: 2013 | I8: 2013 | J8: New Zealand | K8: =IF(J8<>"", VLOOKUP(J8, 'Drop down values'!$C$2:$D$195, 2, FALSE), "") -> NZL | L8: Campylobacter | O8: 65200 | S8: 44000 | X8: 92800
A9: Cressey | B9: 2011 | C9: Estimated incidence of foodborne illness in New Zealand: Application of overseas models and multipliers | D9: https://www.mpi.govt.nz/dmsdocument/4039-Estimated-incidence-of-foodborne-illness-in-New-Zealand-Application-of-overseas-models-and-multipliers | E9: 45716 | F9: Other | G9: National Burden study | H9: 2009 | I9: 2009 | J9: New Zealand | K9: =IF(J9<>"", VLOOKUP(J9, 'Drop down values'!$C$2:$D$195, 2, FALSE), "") -> NZL | L9: Campylobacter | O9: 68412 | S9: 46202 | X9: 96323
A10: Cressey | B10: 2014 | C10: Risk Ranking: Updated Estimates of The Burden Of Foodborne Disease For New Zealand In 2013 | D10: https://www.mpi.govt.nz/dmsdocument/14146-Risk-Ranking-Updated-estimates-of-the-burden-of-foodborne-disease-for-New-Zealand-in-2013 | E10: 45716 | F10: Other | G10: National Burden study | H10: 2011 | I10: 2011 | J10: New Zealand | K10: =IF(J10<>"", VLOOKUP(J10, 'Drop down values'!$C$2:$D$195, 2, FALSE), "") -> NZL | L10: Campylobacter | O10: 63800 | S10: 43000 | X10: 90000
A11: Cressey | B11: 2011 | C11: Estimated incidence of foodborne illness in New Zealand: Application of overseas models and multipliers | D11: https://www.mpi.govt.nz/dmsdocument/4039-Estimated-incidence-of-foodborne-illness-in-New-Zealand-Application-of-overseas-models-and-multipliers | E11: 45716 | F11: Other | G11: National Burden study | H11: 2009 | I11: 2009 | J11: New Zealand | K11: =IF(J11<>"", VLOOKUP(J11, 'Drop down values'!$C$2:$D$195, 2, FALSE), "") -> NZL | L11: Cryptosporidium | O11: 8882 | S11: 2235 | X11: 21787
A12: Cressey | B12: 2011 | C12: Estimated incidence of foodborne illness in New Zealand: Application of overseas models and multipliers | D12: https://www.mpi.govt.nz/dmsdocument/4039-Estimated-incidence-of-foodborne-illness-in-New-Zealand-Application-of-overseas-models-and-multipliers | E12: 45716 | F12: Other | G12: National Burden study | H12: 2009 | I12: 2009 | J12: New Zealand | K12: =IF(J12<>"", VLOOKUP(J12, 'Drop down values'!$C$2:$D$195, 2, FALSE), "") -> NZL | L12: Giardia intestinalis | O12: 28164 | S12: 8024 | X12: 65700
A13: Cressey | B13: 2014 | C13: Risk Ranking: Updated Estimates of The Burden Of Foodborne Disease For New Zealand In 2013 | D13: https://www.mpi.govt.nz/dmsdocument/14146-Risk-Ranking-Updated-estimates-of-the-burden-of-foodborne-disease-for-New-Zealand-in-2013 | E13: 45716 | F13: Other | G13: National Burden study | H13: 2013 | I13: 2013 | J13: New Zealand | K13: =IF(J13<>"", VLOOKUP(J13, 'Drop down values'!$C$2:$D$195, 2, FALSE), "") -> NZL | L13: Norovirus | O13: 211000 | S13: 180000 | X13: 245000
A14: Cressey | B14: 2014 | C14: Risk Ranking: Updated Estimates of The Burden Of Foodborne Disease For New Zealand In 2013 | D14: https://www.mpi.govt.nz/dmsdocument/14146-Risk-Ranking-Updated-estimates-of-the-burden-of-foodborne-disease-for-New-Zealand-in-2013 | E14: 45716 | F14: Other | G14: National Burden study | H14: 2011 | I14: 2011 | J14: New Zealand | K14: =IF(J14<>"", VLOOKUP(J14, 'Drop down values'!$C$2:$D$195, 2, FALSE), "") -> NZL | L14: Norovirus | O14: 208000 | S14: 178000 | X14: 242000
A15: Cressey | B15: 2011 | C15: Estimated incidence of foodborne illness in New Zealand: Application of overseas models and multipliers | D15: https://www.mpi.govt.nz/dmsdocument/4039-Estimated-incidence-of-foodborne-illness-in-New-Zealand-Application-of-overseas-models-and-multipliers | E15: 45716 | F15: Other | G15: National Burden study | H15: 2009 | I15: 2009 | J15: New Zealand | K15: =IF(J15<>"", VLOOKUP(J15, 'Drop down values'!$C$2:$D$195, 2, FALSE), "") -> NZL | L15: Salmonella spp., non-typhoidal | O15: 6734 | S15: 1690 | X15: 16533
A16: Cressey | B16: 2014 | C16: Risk Ranking: Updated Estimates of The Burden Of Foodborne Disease For New Zealand In 2013 | D16: https://www.mpi.govt.nz/dmsdocument/14146-Risk-Ranking-Updated-estimates-of-the-burden-of-foodborne-disease-for-New-Zealand-in-2013 | E16: 45716 | F16: Other | G16: National Burden study | H16: 2013 | I16: 2013 | J16: New Zealand | K16: =IF(J16<>"", VLOOKUP(J16, 'Drop down values'!$C$2:$D$195, 2, FALSE), "") -> NZL | L16: Salmonella spp., non-typhoidal | O16: 6820 | S16: 1710 | X16: 16700
A17: Cressey | B17: 2014 | C17: Risk Ranking: Updated Estimates of The Burden Of Foodborne Disease For New Zealand In 2013 | D17: https://www.mpi.govt.nz/dmsdocument/14146-Risk-Ranking-Updated-estimates-of-the-burden-of-foodborne-disease-for-New-Zealand-in-2013 | E17: 45716 | F17: Other | G17: National Burden study | H17: 2011 | I17: 2011 | J17: New Zealand | K17: =IF(J17<>"", VLOOKUP(J17, 'Drop down values'!$C$2:$D$195, 2, FALSE), "") -> NZL | L17: Salmonella spp., non-typhoidal | O17: 6300 | S17: 1600 | X17: 15500
A18: Cressey | B18: 2014 | C18: Risk Ranking: Updated Estimates of The Burden Of Foodborne Disease For New Zealand In 2013 | D18: https://www.mpi.govt.nz/dmsdocument/14146-Risk-Ranking-Updated-estimates-of-the-burden-of-foodborne-disease-for-New-Zealand-in-2013 | E18: 45716 | F18: Other | G18: National Burden study | H18: 2013 | I18: 2013 | J18: New Zealand | K18: =IF(J18<>"", VLOOKUP(J18, 'Drop down values'!$C$2:$D$195, 2, FALSE), "") -> NZL | L18: STEC | O18: 3800 | S18: 160 | X18: 14100
A19: Cressey | B19: 2014 | C19: Risk Ranking: Updated Estimates of The Burden Of Foodborne Disease For New Zealand In 2013 | D19: https://www.mpi.govt.nz/dmsdocument/14146-Risk-Ranking-Updated-estimates-of-the-burden-of-foodborne-disease-for-New-Zealand-in-2013 | E19: 45716 | F19: Other | G19: National Burden study | H19: 2011 | I19: 2011 | J19: New Zealand | K19: =IF(J19<>"", VLOOKUP(J19, 'Drop down values'!$C$2:$D$195, 2, FALSE), "") -> NZL | L19: STEC | O19: 2830 | S19: 120 | X19: 10500
A20: Ford | B20: 2019 | C20: Cost of Salmonella Infections in Australia, 2015 | D20: https://www.sciencedirect.com/science/article/pii/S0362028X22099057?via%3Dihub | E20: 45373 | F20: Other | G20: National Burden study | H20: 2015 | I20: 2015 | J20: Australia | K20: =IF(J20<>"", VLOOKUP(J20, 'Drop down values'!$C$2:$D$195, 2, FALSE), "") -> AUS | L20: Salmonella | N20: 90853 | S20: 51583 | X20: 158165
A21: Glass | B21: 2023 | C21: The Cost of Foodborne Illness and Its Sequelae in Australia Circa 2023 | D21: https://pubmed.ncbi.nlm.nih.gov/37610847/ | E21: 45425 | F21: Other | G21: National Burden study | H21: 2019 | I21: 2019 | J21: Australia | K21: =IF(J21<>"", VLOOKUP(J21, 'Drop down values'!$C$2:$D$195, 2, FALSE), "") -> AUS | L21: STEC | N21: 2630 | S21: 1140 | X21: 5760
A22: Glass | B22: 2023 | C22: The Cost of Foodborne Illness and Its Sequelae in Australia Circa 2019 | D22: https://pubmed.ncbi.nlm.nih.gov/37610847/ | E22: 45425 | F22: Other | G22: National Burden study | H22: 2019 | I22: 2019 | J22: Australia | K22: =IF(J22<>"", VLOOKUP(J22, 'Drop down values'!$C$2:$D$195, 2, FALSE), "") -> AUS | L22: Campylobacter | N22: 264000 | S22: 161000 | X22: 432000
A23: Glass | B23: 2023 | C23: The Cost of Foodborne Illness and Its Sequelae in Australia Circa 2024 | D23: https://pubmed.ncbi.nlm.nih.gov/37610847/ | E23: 45425 | F23: Other | G23: National Burden study | H23: 2019 | I23: 2019 | J23: Australia | K23: =IF(J23<>"", VLOOKUP(J23, 'Drop down values'!$C$2:$D$195, 2, FALSE), "") -> AUS | L23: EPEC | N23: 312000 | S23: 120000 | X23: 709000
A24: Glass | B24: 2023 | C24: The Cost of Foodborne Illness and Its Sequelae in Australia Circa 2021 | D24: https://pubmed.ncbi.nlm.nih.gov/37610847/ | E24: 45425 | F24: Other | G24: National Burden study | H24: 2019 | I24: 2019 | J24: Australia | K24: =IF(J24<>"", VLOOKUP(J24, 'Drop down values'!$C$2:$D$195, 2, FALSE), "") -> AUS | L24: Norovirus | N24: 328000 | S24: 89600 | X24: 671000
A25: Glass | B25: 2023 | C25: The Cost of Foodborne Illness and Its Sequelae in Australia Circa 2020 | D25: https://pubmed.ncbi.nlm.nih.gov/37610847/ | E25: 45425 | F25: Other | G25: National Burden study | H25: 2019 | I25: 2019 | J25: Australia | K25: =IF(J25<>"", VLOOKUP(J25, 'Drop down values'!$C$2:$D$195, 2, FALSE), "") -> AUS | L25: Salmonella | N25: 61600 | S25: 34300 | X25: 109000
A26: Glass | B26: 2023 | C26: The Cost of Foodborne Illness and Its Sequelae in Australia Circa 2025 | D26: https://pubmed.ncbi.nlm.nih.gov/37610847/ | E26: 45425 | F26: Other | G26: National Burden study | H26: 2019 | I26: 2019 | J26: Australia | K26: =IF(J26<>"", VLOOKUP(J26, 'Drop down values'!$C$2:$D$195, 2, FALSE), "") -> AUS | L26: Salmonella | N26: 29 | S26: 10 | X26: 34
A27: Glass | B27: 2023 | C27: The Cost of Foodborne Illness and Its Sequelae in Australia Circa 2022 | D27: https://pubmed.ncbi.nlm.nih.gov/37610847/ | E27: 45425 | F27: Other | G27: National Burden study | H27: 2019 | I27: 2019 | J27: Australia | K27: =IF(J27<>"", VLOOKUP(J27, 'Drop down values'!$C$2:$D$195, 2, FALSE), "") -> AUS | L27: Shigella | N27: 1930 | S27: 662 | X27: 4360
A28: Glass-Kaastra | B28: 2022 | C28: Estimated Reduction in the Burden of Nontyphoidal Salmonella Illness in Canada Circa 2019. | D28: https://www.liebertpub.com/doi/10.1089/fpd.2022.0045 | E28: 45419 | F28: Other | G28: National Burden study | H28: 2019 | I28: 2019 | J28: Canada | K28: =IF(J28<>"", VLOOKUP(J28, 'Drop down values'!$C$2:$D$195, 2, FALSE), "") -> CAN | L28: Salmonella | O28: 70833 | S28: 49594 | X28: 98667
A29: Grytdal | B29: 2016 | C29: Incidence of Norovirus and Other Viral Pathogens That Cause Acute Gastroenteritis (AGE) among Kaiser Permanente Member Populations in the United States, 2012–2013 | D29: https://www.ncbi.nlm.nih.gov/pmc/articles/PMC4846013/ | E29: 45374 | F29: Other | G29: National Burden study | H29: 2012 | I29: 2013 | J29: United States of America | K29: =IF(J29<>"", VLOOKUP(J29, 'Drop down values'!$C$2:$D$195, 2, FALSE), "") -> USA | L29: Norovirus | N29: 68.9 | Q29: 1000 | R29: 57.7 | Y29: 77.1
A30: Grytdal | B30: 2016 | C30: Incidence of Norovirus and Other Viral Pathogens That Cause Acute Gastroenteritis (AGE) among Kaiser Permanente Member Populations in the United States, 2012–2013 | D30: https://www.ncbi.nlm.nih.gov/pmc/articles/PMC4846013/ | E30: 45374 | F30: Other | G30: National Burden study | H30: 2012 | I30: 2013 | J30: United States of America | K30: =IF(J30<>"", VLOOKUP(J30, 'Drop down values'!$C$2:$D$195, 2, FALSE), "") -> USA | L30: Rotavirus | N30: 23.7 | Q30: 1000 | R30: 20.2 | Y30: 26.9
A31: Haagsma | B31: 2013 | C31: Community incidence of pathogen-specific gastroenteritis: reconstructing the surveillance pyramid for seven pathogens in seven European Union member states | D31: https://www.ncbi.nlm.nih.gov/pmc/articles/PMC9151593/ | E31: 45374 | F31: Other | G31: National Burden study | H31: 2001 | I31: 2009 | J31: Germany | K31: =IF(J31<>"", VLOOKUP(J31, 'Drop down values'!$C$2:$D$195, 2, FALSE), "") -> DEU | L31: Campylobacter | P31: 515000
A32: Haagsma | B32: 2013 | C32: Community incidence of pathogen-specific gastroenteritis: reconstructing the surveillance pyramid for seven pathogens in seven European Union member states | D32: https://www.ncbi.nlm.nih.gov/pmc/articles/PMC9151593/ | E32: 45374 | F32: Other | G32: National Burden study | H32: 2001 | I32: 2009 | J32: Germany | K32: =IF(J32<>"", VLOOKUP(J32, 'Drop down values'!$C$2:$D$195, 2, FALSE), "") -> DEU | L32: Cryptosporidium | P32: 109000
A33: Haagsma | B33: 2013 | C33: Community incidence of pathogen-specific gastroenteritis: reconstructing the surveillance pyramid for seven pathogens in seven European Union member states | D33: https://www.ncbi.nlm.nih.gov/pmc/articles/PMC9151593/ | E33: 45374 | F33: Other | G33: National Burden study | H33: 2001 | I33: 2009 | J33: Germany | K33: =IF(J33<>"", VLOOKUP(J33, 'Drop down values'!$C$2:$D$195, 2, FALSE), "") -> DEU | L33: EPEC | P33: 117000
A34: Haagsma | B34: 2013 | C34: Community incidence of pathogen-specific gastroenteritis: reconstructing the surveillance pyramid for seven pathogens in seven European Union member states | D34: https://www.ncbi.nlm.nih.gov/pmc/articles/PMC9151593/ | E34: 45374 | F34: Other | G34: National Burden study | H34: 2001 | I34: 2009 | J34: Germany | K34: =IF(J34<>"", VLOOKUP(J34, 'Drop down values'!$C$2:$D$195, 2, FALSE), "") -> DEU | L34: Salmonella | P34: 430000
A35: Haagsma | B35: 2013 | C35: Community incidence of pathogen-specific gastroenteritis: reconstructing the surveillance pyramid for seven pathogens in seven European Union member states | D35: https://www.ncbi.nlm.nih.gov/pmc/articles/PMC9151593/ | E35: 45374 | F35: Other | G35: National Burden study | H35: 2001 | I35: 2009 | J35: Germany | K35: =IF(J35<>"", VLOOKUP(J35, 'Drop down values'!$C$2:$D$195, 2, FALSE), "") -> DEU | L35: Shigella | P35: 12000
A36: Haagsma | B36: 2013 | C36: Community incidence of pathogen-specific gastroenteritis: reconstructing the surveillance pyramid for seven pathogens in seven European Union member states | D36: https://www.ncbi.nlm.nih.gov/pmc/articles/PMC9151593/ | E36: 45374 | F36: Other | G36: National Burden study | H36: 2001 | I36: 2009 | J36: Denmark | K36: =IF(J36<>"", VLOOKUP(J36, 'Drop down values'!$C$2:$D$195, 2, FALSE), "") -> DNK | L36: Campylobacter | P36: 116000
A37: Haagsma | B37: 2013 | C37: Community incidence of pathogen-specific gastroenteritis: reconstructing the surveillance pyramid for seven pathogens in seven European Union member states | D37: https://www.ncbi.nlm.nih.gov/pmc/articles/PMC9151593/ | E37: 45374 | F37: Other | G37: National Burden study | H37: 2001 | I37: 2009 | J37: Denmark | K37: =IF(J37<>"", VLOOKUP(J37, 'Drop down values'!$C$2:$D$195, 2, FALSE), "") -> DNK | L37: EPEC | P37: 47000
A38: Haagsma | B38: 2013 | C38: Community incidence of pathogen-specific gastroenteritis: reconstructing the surveillance pyramid for seven pathogens in seven European Union member states | D38: https://www.ncbi.nlm.nih.gov/pmc/articles/PMC9151593/ | E38: 45374 | F38: Other | G38: National Burden study | H38: 2001 | I38: 2009 | J38: Denmark | K38: =IF(J38<>"", VLOOKUP(J38, 'Drop down values'!$C$2:$D$195, 2, FALSE), "") -> DNK | L38: Salmonella | P38: 33000
A39: Haagsma | B39: 2013 | C39: Community incidence of pathogen-specific gastroenteritis: reconstructing the surveillance pyramid for seven pathogens in seven European Union member states | D39: https://www.ncbi.nlm.nih.gov/pmc/articles/PMC9151593/ | E39: 45374 | F39: Other | G39: National Burden study | H39: 2001 | I39: 2009 | J39: Denmark | K39: =IF(J39<>"", VLOOKUP(J39, 'Drop down values'!$C$2:$D$195, 2, FALSE), "") -> DNK | L39: Shigella | P39: 4400
A40: Haagsma | B40: 2013 | C40: Community incidence of pathogen-specific gastroenteritis: reconstructing the surveillance pyramid for seven pathogens in seven European Union member states | D40: https://www.ncbi.nlm.nih.gov/pmc/articles/PMC9151593/ | E40: 45374 | F40: Other | G40: National Burden study | H40: 2001 | I40: 2009 | J40: United Kingdom | K40: =IF(J40<>"", VLOOKUP(J40, 'Drop down values'!$C$2:$D$195, 2, FALSE), "") -> GBR | L40: Campylobacter | P40: 2500000
A41: Haagsma | B41: 2013 | C41: Community incidence of pathogen-specific gastroenteritis: reconstructing the surveillance pyramid for seven pathogens in seven European Union member states | D41: https://www.ncbi.nlm.nih.gov/pmc/articles/PMC9151593/ | E41: 45374 | F41: Other | G41: National Burden study | H41: 2001 | I41: 2009 | J41: United Kingdom | K41: =IF(J41<>"", VLOOKUP(J41, 'Drop down values'!$C$2:$D$195, 2, FALSE), "") -> GBR | L41: Cryptosporidium | P41: 385961
A42: Haagsma | B42: 2013 | C42: Community incidence of pathogen-specific gastroenteritis: reconstructing the surveillance pyramid for seven pathogens in seven European Union member states | D42: https://www.ncbi.nlm.nih.gov/pmc/articles/PMC9151593/ | E42: 45374 | F42: Other | G42: National Burden study | H42: 2001 | I42: 2009 | J42: United Kingdom | K42: =IF(J42<>"", VLOOKUP(J42, 'Drop down values'!$C$2:$D$195, 2, FALSE), "") -> GBR | L42: Salmonella | P42: 563000
... A60: Haagsma | B60: 2013 | C60: Community incidence of pathogen-specific gastroenteritis: reconstructing the surveillance pyramid for seven pathogens in seven European Union member states | D60: https://www.ncbi.nlm.nih.gov/pmc/articles/PMC9151593/ | E60: 45374 | F60: Other | G60: National Burden study | H60: 2001 | I60: 2009 | J60: United Kingdom | K60: =IF(J60<>"", VLOOKUP(J60, 'Drop down values'!$C$2:$D$195, 2, FALSE), "") -> GBR | L60: STEC | P60: 25000
A61: Hall | B61: 2005 | C61: Estimating foodborne gastroenteritis, Australia | D61: https://www.ncbi.nlm.nih.gov/pmc/articles/PMC3320479/ | E61: 45383 | F61: Other | G61: National Burden study | H61: 2000 | I61: 2000 | J61: Australia | K61: =IF(J61<>"", VLOOKUP(J61, 'Drop down values'!$C$2:$D$195, 2, FALSE), "") -> AUS | L61: STEC | N61: 3000 | R61: 0 | Y61: 6500
A62: Hall | B62: 2011 | C62: Incidence of acute gastroenteritis and role of norovirus, Georgia, USA, 2004-2009 | D62: https://www.ncbi.nlm.nih.gov/pmc/articles/PMC3381564/ | E62: 45383 | F62: Other | G62: National Burden study | H62: 2004 | I62: 2005 | J62: United States of America | K62: =IF(J62<>"", VLOOKUP(J62, 'Drop down values'!$C$2:$D$195, 2, FALSE), "") -> USA | L62: Campylobacter | O62: 240 | Q62: 100000 | S62: 71 | X62: 590
A63: Hall | B63: 2011 | C63: Incidence of acute gastroenteritis and role of norovirus, Georgia, USA, 2004-2011 | D63: https://www.ncbi.nlm.nih.gov/pmc/articles/PMC3381564/ | E63: 45383 | F63: Other | G63: National Burden study | H63: 2004 | I63: 2005 | J63: United States of America | K63: =IF(J63<>"", VLOOKUP(J63, 'Drop down values'!$C$2:$D$195, 2, FALSE), "") -> USA | L63: Cryptosporidium | O63: 68 | Q63: 100000 | S63: 14 | X63: 190
A64: Hall | B64: 2011 | C64: Incidence of acute gastroenteritis and role of norovirus, Georgia, USA, 2004-2010 | D64: https://www.ncbi.nlm.nih.gov/pmc/articles/PMC3381564/ | E64: 45383 | F64: Other | G64: National Burden study | H64: 2004 | I64: 2005 | J64: United States of America | K64: =IF(J64<>"", VLOOKUP(J64, 'Drop down values'!$C$2:$D$195, 2, FALSE), "") -> USA | L64: Giardia | O64: 350 | Q64: 100000 | S64: 150 | X64: 720
A65: Hall | B65: 2011 | C65: Incidence of acute gastroenteritis and role of norovirus, Georgia, USA, 2004-2005 | D65: https://www.ncbi.nlm.nih.gov/pmc/articles/PMC3381564/ | E65: 45383 | F65: Other | G65: National Burden study | H65: 2004 | I65: 2005 | J65: United States of America | K65: =IF(J65<>"", VLOOKUP(J65, 'Drop down values'!$C$2:$D$195, 2, FALSE), "") -> USA | L65: Norovirus | O65: 6500 | Q65: 100000 | S65: 3700 | X65: 12000
A66: Hall | B66: 2011 | C66: Incidence of acute gastroenteritis and role of norovirus, Georgia, USA, 2004-2006 | D66: https://www.ncbi.nlm.nih.gov/pmc/articles/PMC3381564/ | E66: 45383 | F66: Other | G66: National Burden study | H66: 2004 | I66: 2005 | J66: United States of America | K66: =IF(J66<>"", VLOOKUP(J66, 'Drop down values'!$C$2:$D$195, 2, FALSE), "") -> USA | L66: Rotavirus | O66: 880 | Q66: 100000 | S66: 400 | X66: 1700
A67: Hall | B67: 2011 | C67: Incidence of acute gastroenteritis and role of norovirus, Georgia, USA, 2004-2007 | D67: https://www.ncbi.nlm.nih.gov/pmc/articles/PMC3381564/ | E67: 45383 | F67: Other | G67: National Burden study | H67: 2004 | I67: 2005 | J67: United States of America | K67: =IF(J67<>"", VLOOKUP(J67, 'Drop down values'!$C$2:$D$195, 2, FALSE), "") -> USA | L67: Salmonella | O67: 250 | Q67: 100000 | S67: 130 | X67: 440
A68: Hall | B68: 2011 | C68: Incidence of acute gastroenteritis and role of norovirus, Georgia, USA, 2004-2008 | D68: https://www.ncbi.nlm.nih.gov/pmc/articles/PMC3381564/ | E68: 45383 | F68: Other | G68: National Burden study | H68: 2004 | I68: 2005 | J68: United States of America | K68: =IF(J68<>"", VLOOKUP(J68, 'Drop down values'!$C$2:$D$195, 2, FALSE), "") -> USA | L68: Shigella | O68: 200 | Q68: 100000 | S68: 86 | X68: 410
A69: Hall | B69: 2005 | C69: Estimating foodborne gastroenteritis, Australia | D69: https://www.ncbi.nlm.nih.gov/pmc/articles/PMC3320479/ | E69: 45383 | F69: Other | G69: National Burden study | H69: 2000 | I69: 2000 | J69: Australia | K69: =IF(J69<>"", VLOOKUP(J69, 'Drop down values'!$C$2:$D$195, 2, FALSE), "") -> AUS | L69: Campylobacter | N69: 277000 | R69: 89800 | Y69: 463000
A70: Hall | B70: 2005 | C70: Estimating foodborne gastroenteritis, Australia | D70: https://www.ncbi.nlm.nih.gov/pmc/articles/PMC3320479/ | E70: 45383 | F70: Other | G70: National Burden study | H70: 2000 | I70: 2000 | J70: Australia | K70: =IF(J70<>"", VLOOKUP(J70, 'Drop down values'!$C$2:$D$195, 2, FALSE), "") -> AUS | L70: Cryptosporidium | N70: 271000 | R70: 255000 | Y70: 287000
A71: Hall | B71: 2005 | C71: Estimating foodborne gastroenteritis, Australia | D71: https://www.ncbi.nlm.nih.gov/pmc/articles/PMC3320479/ | E71: 45383 | F71: Other | G71: National Burden study | H71: 2000 | I71: 2000 | J71: Australia | K71: =IF(J71<>"", VLOOKUP(J71, 'Drop down values'!$C$2:$D$195, 2, FALSE), "") -> AUS | L71: EPEC | N71: 1152000 | R71: 797000 | Y71: 1507000
A72: Hall | B72: 2005 | C72: Estimating foodborne gastroenteritis, Australia | D72: https://www.ncbi.nlm.nih.gov/pmc/articles/PMC3320479/ | E72: 45383 | F72: Other | G72: National Burden study | H72: 2000 | I72: 2000 | J72: Australia | K72: =IF(J72<>"", VLOOKUP(J72, 'Drop down values'!$C$2:$D$195, 2, FALSE), "") -> AUS | L72: Giardia | N72: 430000 | R72: 232000 | Y72: 628000
A73: Hall | B73: 2005 | C73: Estimating foodborne gastroenteritis, Australia | D73: https://www.ncbi.nlm.nih.gov/pmc/articles/PMC3320479/ | E73: 45383 | F73: Other | G73: National Burden study | H73: 2000 | I73: 2000 | J73: Australia | K73: =IF(J73<>"", VLOOKUP(J73, 'Drop down values'!$C$2:$D$195, 2, FALSE), "") -> AUS | L73: Norovirus | N73: 1832000 | R73: 1361000 | Y73: 2302000
A74: Hall | B74: 2005 | C74: Estimating foodborne gastroenteritis, Australia | D74: https://www.ncbi.nlm.nih.gov/pmc/articles/PMC3320479/ | E74: 45383 | F74: Other | G74: National Burden study | H74: 2000 | I74: 2000 | J74: Australia | K74: =IF(J74<>"", VLOOKUP(J74, 'Drop down values'!$C$2:$D$195, 2, FALSE), "") -> AUS | L74: Rotavirus | N74: 241000 | R74: 98000 | Y74: 384000
A75: Hall | B75: 2005 | C75: Estimating foodborne gastroenteritis, Australia | D75: https://www.ncbi.nlm.nih.gov/pmc/articles/PMC3320479/ | E75: 45383 | F75: Other | G75: National Burden study | H75: 2000 | I75: 2000 | J75: Australia | K75: =IF(J75<>"", VLOOKUP(J75, 'Drop down values'!$C$2:$D$195, 2, FALSE), "") -> AUS | L75: Salmonella | N75: 92000 | R75: 26000 | Y75: 158000
A76: Hall | B76: 2005 | C76: Estimating foodborne gastroenteritis, Australia | D76: https://www.ncbi.nlm.nih.gov/pmc/articles/PMC3320479/ | E76: 45383 | F76: Other | G76: National Burden study | H76: 2000 | I76: 2000 | J76: Australia | K76: =IF(J76<>"", VLOOKUP(J76, 'Drop down values'!$C$2:$D$195, 2, FALSE), "") -> AUS | L76: Shigella | N76: 3200 | R76: 0 | Y76: 6900
A77: Havelaar | B77: 2012 | C77: Disease burden of foodborne pathogens in the Netherlands, 2009 | D77: https://pubmed.ncbi.nlm.nih.gov/22541392/ | E77: 45383 | F77: Other | G77: National Burden study | H77: 2009 | I77: 2009 | J77: Netherlands | K77: =IF(J77<>"", VLOOKUP(J77, 'Drop down values'!$C$2:$D$195, 2, FALSE), "") -> NLD | L77: Campylobacter | N77: 92000 | R77: 13000 | Y77: 251000
A78: Havelaar | B78: 2012 | C78: Disease burden of foodborne pathogens in the Netherlands, 2010 | D78: https://pubmed.ncbi.nlm.nih.gov/22541392/ | E78: 45383 | F78: Other | G78: National Burden study | H78: 2009 | I78: 2009 | J78: Netherlands | K78: =IF(J78<>"", VLOOKUP(J78, 'Drop down values'!$C$2:$D$195, 2, FALSE), "") -> NLD | L78: Cryptosporidium | N78: 28000 | R78: 10000 | Y78: 67000
A79: Havelaar | B79: 2012 | C79: Disease burden of foodborne pathogens in the Netherlands, 2012 | D79: https://pubmed.ncbi.nlm.nih.gov/22541392/ | E79: 45383 | F79: Other | G79: National Burden study | H79: 2009 | I79: 2009 | J79: Netherlands | K79: =IF(J79<>"", VLOOKUP(J79, 'Drop down values'!$C$2:$D$195, 2, FALSE), "") -> NLD | L79: Giardia | N79: 83000 | R79: 46000 | Y79: 153000
A80: Havelaar | B80: 2012 | C80: Disease burden of foodborne pathogens in the Netherlands, 2013 | D80: https://pubmed.ncbi.nlm.nih.gov/22541392/ | E80: 45383 | F80: Other | G80: National Burden study | H80: 2009 | I80: 2009 | J80: Netherlands | K80: =IF(J80<>"", VLOOKUP(J80, 'Drop down values'!$C$2:$D$195, 2, FALSE), "") -> NLD | L80: Norovirus | N80: 624000 | R80: 431000 | Y80: 892000
... A82: Havelaar | B82: 2012 | C82: Disease burden of foodborne pathogens in the Netherlands, 2015 | D82: https://pubmed.ncbi.nlm.nih.gov/22541392/ | E82: 45383 | F82: Other | G82: National Burden study | H82: 2009 | I82: 2009 | J82: Netherlands | K82: =IF(J82<>"", VLOOKUP(J82, 'Drop down values'!$C$2:$D$195, 2, FALSE), "") -> NLD | L82: Salmonella | N82: 35000 | R82: 2600 | Y82: 107000
A83: Ingram | B83: 2013 | C83: Population-based estimates of acute gastrointestinal and foodborne illness in Barbados: a retrospective cross-sectional study | D83: https://europepmc.org/article/PMC/4022003 | E83: 45383 | F83: Other | G83: National Burden study | H83: 2010 | I83: 2011 | J83: Barbados | K83: =IF(J83<>"", VLOOKUP(J83, 'Drop down values'!$C$2:$D$195, 2, FALSE), "") -> BRB | L83: Campylobacter | N83: 2612
A84: Ingram | B84: 2013 | C84: Population-based estimates of acute gastrointestinal and foodborne illness in Barbados: a retrospective cross-sectional study | D84: https://europepmc.org/article/PMC/4022004 | E84: 45383 | F84: Other | G84: National Burden study | H84: 2010 | I84: 2011 | J84: Barbados | K84: =IF(J84<>"", VLOOKUP(J84, 'Drop down values'!$C$2:$D$195, 2, FALSE), "") -> BRB | L84: Norovirus | N84: 5002
A85: Ingram | B85: 2013 | C85: Population-based estimates of acute gastrointestinal and foodborne illness in Barbados: a retrospective cross-sectional study | D85: https://europepmc.org/article/PMC/4022002 | E85: 45383 | F85: Other | G85: National Burden study | H85: 2010 | I85: 2011 | J85: Barbados | K85: =IF(J85<>"", VLOOKUP(J85, 'Drop down values'!$C$2:$D$195, 2, FALSE), "") -> BRB | L85: Salmonella | N85: 4009
A86: Kirk | B86: 2014 | C86: Foodborne illness, Australia, circa 2000 and circa 2011 | D86: https://www.ncbi.nlm.nih.gov/pmc/articles/PMC4214288/ | E86: 45383 | F86: Other | G86: National Burden study | H86: 2010 | I86: 2010 | J86: Australia | K86: =IF(J86<>"", VLOOKUP(J86, 'Drop down values'!$C$2:$D$195, 2, FALSE), "") -> AUS | L86: STEC | N86: 4300 | S86: 2050 | X86: 9500
A87: Kirk | B87: 2014 | C87: Foodborne illness, Australia, circa 2000 and circa 2010 | D87: https://www.ncbi.nlm.nih.gov/pmc/articles/PMC4214288/ | E87: 45383 | F87: Other | G87: National Burden study | H87: 2010 | I87: 2010 | J87: Australia | K87: =IF(J87<>"", VLOOKUP(J87, 'Drop down values'!$C$2:$D$195, 2, FALSE), "") -> AUS | L87: Campylobacter | N87: 234000 | S87: 147000 | X87: 374000
A88: Kirk | B88: 2014 | C88: Foodborne illness, Australia, circa 2000 and circa 2018 | D88: https://www.ncbi.nlm.nih.gov/pmc/articles/PMC4214288/ | E88: 45383 | F88: Other | G88: National Burden study | H88: 2010 | I88: 2010 | J88: Australia | K88: =IF(J88<>"", VLOOKUP(J88, 'Drop down values'!$C$2:$D$195, 2, FALSE), "") -> AUS | L88: Cryptosporidium | N88: 17900 | S88: 8150 | X88: 39800
A89: Kirk | B89: 2014 | C89: Foodborne illness, Australia, circa 2000 and circa 2012 | D89: https://www.ncbi.nlm.nih.gov/pmc/articles/PMC4214288/ | E89: 45383 | F89: Other | G89: National Burden study | H89: 2010 | I89: 2010 | J89: Australia | K89: =IF(J89<>"", VLOOKUP(J89, 'Drop down values'!$C$2:$D$195, 2, FALSE), "") -> AUS | L89: EPEC | N89: 1100000 | S89: 833000 | X89: 1450000
A90: Kirk | B90: 2014 | C90: Foodborne illness, Australia, circa 2000 and circa 2019 | D90: https://www.ncbi.nlm.nih.gov/pmc/articles/PMC4214288/ | E90: 45383 | F90: Other | G90: National Burden study | H90: 2010 | I90: 2010 | J90: Australia | K90: =IF(J90<>"", VLOOKUP(J90, 'Drop down values'!$C$2:$D$195, 2, FALSE), "") -> AUS | L90: Giardia | N90: 32800 | S90: 19800 | X90: 56400
A91: Kirk | B91: 2014 | C91: Foodborne illness, Australia, circa 2000 and circa 2016 | D91: https://www.ncbi.nlm.nih.gov/pmc/articles/PMC4214288/ | E91: 45383 | F91: Other | G91: National Burden study | H91: 2010 | I91: 2010 | J91: Australia | K91: =IF(J91<>"", VLOOKUP(J91, 'Drop down values'!$C$2:$D$195, 2, FALSE), "") -> AUS | L91: Norovirus | N91: 1550000 | S91: 1220000 | X91: 1940000
A92: Kirk | B92: 2014 | C92: Foodborne illness, Australia, circa 2000 and circa 2017 | D92: https://www.ncbi.nlm.nih.gov/pmc/articles/PMC4214288/ | E92: 45383 | F92: Other | G92: National Burden study | H92: 2010 | I92: 2010 | J92: Australia | K92: =IF(J92<>"", VLOOKUP(J92, 'Drop down values'!$C$2:$D$195, 2, FALSE), "") -> AUS | L92: Rotavirus | N92: 44800 | S92: 18500 | X92: 90800
A93: Kirk | B93: 2014 | C93: Foodborne illness, Australia, circa 2000 and circa 2013 | D93: https://www.ncbi.nlm.nih.gov/pmc/articles/PMC4214288/ | E93: 45383 | F93: Other | G93: National Burden study | H93: 2010 | I93: 2010 | J93: Australia | K93: =IF(J93<>"", VLOOKUP(J93, 'Drop down values'!$C$2:$D$195, 2, FALSE), "") -> AUS | L93: Salmonella | N93: 56200 | S93: 31900 | X93: 101000
A94: Kirk | B94: 2014 | C94: Foodborne illness, Australia, circa 2000 and circa 2014 | D94: https://www.ncbi.nlm.nih.gov/pmc/articles/PMC4214288/ | E94: 45383 | F94: Other | G94: National Burden study | H94: 2010 | I94: 2010 | J94: Australia | K94: =IF(J94<>"", VLOOKUP(J94, 'Drop down values'!$C$2:$D$195, 2, FALSE), "") -> AUS | L94: Salmonella enterica | N94: 20 | S94: 8 | X94: 45
A95: Kirk | B95: 2014 | C95: Foodborne illness, Australia, circa 2000 and circa 2015 | D95: https://www.ncbi.nlm.nih.gov/pmc/articles/PMC4214288/ | E95: 45383 | F95: Other | G95: National Burden study | H95: 2010 | I95: 2010 | J95: Australia | K95: =IF(J95<>"", VLOOKUP(J95, 'Drop down values'!$C$2:$D$195, 2, FALSE), "") -> AUS | L95: Shigella | N95: 3000 | S95: 1650 | X95: 5400
A96: Klopfenstein | B96: 2024 | C96: Burden of Disease of Campylobacteriosis | E96: 45897 | F96: Other | G96: National Burden study | H96: 2022 | I96: 2022 | J96: Switzerland | L96: Campylobacter | O96: 25083
A97: Kubota | B97: 2008 | C97: The Human Health Burden of Foodborne Infections Caused by Campylobacter, Salmonella, and Vibrio paraphaemolyticus in Miyagi Prefecture, Japan | D97: https://www.liebertpub.com/doi/10.1089/fpd.2008.0092 | E97: 45352 | F97: Other | G97: National Burden study | H97: 2005 | I97: 2005 | J97: Japan | K97: =IF(J97<>"", VLOOKUP(J97, 'Drop down values'!$C$2:$D$195, 2, FALSE), "") -> JPN | L97: Campylobacter | N97: 237 | Q97: 100000 | S97: 107 | X97: 504
A98: Kubota | B98: 2008 | C98: The Human Health Burden of Foodborne Infections Caused by Campylobacter, Salmonella, and Vibrio paraphaemolyticus in Miyagi Prefecture, Japan | D98: https://www.liebertpub.com/doi/10.1089/fpd.2008.0092 | E98: 45352 | F98: Other | G98: National Burden study | H98: 2005 | I98: 2005 | J98: Japan | K98: =IF(J98<>"", VLOOKUP(J98, 'Drop down values'!$C$2:$D$195, 2, FALSE), "") -> JPN | L98: Salmonella | N98: 32 | Q98: 100000 | S98: 15 | X98: 68
A99: Kubota | B99: 2011 | C99: Estimating the burden of acute gastroenteritis and foodborne illness caused by Campylobacter, Salmonella, and Vibrio parahaemolyticus by using population-based telephone survey data, Miyagi Prefecture, Japan, 2005 to 2006 | D99: https://pubmed.ncbi.nlm.nih.gov/22004803/ | E99: 45406 | F99: Other | G99: National Burden study | H99: 2005 | I99: 2006 | J99: Japan | K99: =IF(J99<>"", VLOOKUP(J99, 'Drop down values'!$C$2:$D$195, 2, FALSE), "") -> JPN | L99: Campylobacter | N99: 1512 | Q99: 100000 | S99: 736 | X99: 2855
A100: Kubota | B100: 2011 | C100: Estimating the burden of acute gastroenteritis and foodborne illness caused by Campylobacter, Salmonella, and Vibrio parahaemolyticus by using population-based telephone survey data, Miyagi Prefecture, Japan, 2005 to 2007 | D100: https://pubmed.ncbi.nlm.nih.gov/22004803/ | E100: 45406 | F100: Other | G100: National Burden study | H100: 2005 | I100: 2006 | J100: Japan | K100: =IF(J100<>"", VLOOKUP(J100, 'Drop down values'!$C$2:$D$195, 2, FALSE), "") -> JPN | L100: Salmonella | N100: 209 | Q100: 100000 | S100: 102 | X100: 394
A101: Kuehne | B101: 2016 | C101: Estimating true incidence of O157 and non-O157 Shiga toxin-producing Escherichia coli illness in Germany based on notification data of haemolytic uraemic syndrome | D101: https://www.ncbi.nlm.nih.gov/pmc/articles/PMC9150202/ | E101: 45383 | F101: Other | G101: National Burden study | H101: 2008 | I101: 2012 | J101: Germany | K101: =IF(J101<>"", VLOOKUP(J101, 'Drop down values'!$C$2:$D$195, 2, FALSE), "") -> DEU | L101: STEC non-O157 | N101: 22019 | R101: 6764 | Y101: 109046
A102: Kuehne | B102: 2016 | C102: Estimating true incidence of O157 and non-O157 Shiga toxin-producing Escherichia coli illness in Germany based on notification data of haemolytic uraemic syndrome | D102: https://www.ncbi.nlm.nih.gov/pmc/articles/PMC9150202/ | E102: 45383 | F102: Other | G102: National Burden study | H102: 2008 | I102: 2012 | J102: Germany | K102: =IF(J102<>"", VLOOKUP(J102, 'Drop down values'!$C$2:$D$195, 2, FALSE), "") -> DEU | L102: STEC O157 | N102: 4969 | R102: 1835 | Y102: 19406
A103: Lake | B103: 2000 | C103: Estimated number of cases of foodborne infectious disease in New Zealand | D103: https://pubmed.ncbi.nlm.nih.gov/10935567/ | E103: 45407 | F103: Other | G103: National Burden study | H103: 1998 | I103: 1998 | J103: New Zealand | K103: =IF(J103<>"", VLOOKUP(J103, 'Drop down values'!$C$2:$D$195, 2, FALSE), "") -> NZL | L103: VTEC | N103: 248
A104: Lake | B104: 2000 | C104: Estimated number of cases of foodborne infectious disease in New Zealand | D104: https://pubmed.ncbi.nlm.nih.gov/10935567/ | E104: 45407 | F104: Other | G104: National Burden study | H104: 1998 | I104: 1998 | J104: New Zealand | K104: =IF(J104<>"", VLOOKUP(J104, 'Drop down values'!$C$2:$D$195, 2, FALSE), "") -> NZL | L104: Campylobacter | N104: 115915
A105: Lake | B105: 2000 | C105: Estimated number of cases of foodborne infectious disease in New Zealand | D105: https://pubmed.ncbi.nlm.nih.gov/10935567/ | E105: 45407 | F105: Other | G105: National Burden study | H105: 1998 | I105: 1998 | J105: New Zealand | K105: =IF(J105<>"", VLOOKUP(J105, 'Drop down values'!$C$2:$D$195, 2, FALSE), "") -> NZL | L105: Salmonella | N105: 16
A106: Lake | B106: 2000 | C106: Estimated number of cases of foodborne infectious disease in New Zealand | D106: https://pubmed.ncbi.nlm.nih.gov/10935567/ | E106: 45407 | F106: Other | G106: National Burden study | H106: 1998 | I106: 1998 | J106: New Zealand | K106: =IF(J106<>"", VLOOKUP(J106, 'Drop down values'!$C$2:$D$195, 2, FALSE), "") -> NZL | L106: Salmonella | N106: 9218
A107: Lake | B107: 2000 | C107: Estimated number of cases of foodborne infectious disease in New Zealand | D107: https://pubmed.ncbi.nlm.nih.gov/10935567/ | E107: 45407 | F107: Other | G107: National Burden study | H107: 1998 | I107: 1998 | J107: New Zealand | K107: =IF(J107<>"", VLOOKUP(J107, 'Drop down values'!$C$2:$D$195, 2, FALSE), "") -> NZL | L107: Shigella | N107: 854
A108: Mangen | B108: 2017 | C108: Disease burden of food-related pathogens in the Netherlands, 2016 | D108: chrome-extension://efaidnbmnnnibpcajpcglclefindmkaj/https://www.rivm.nl/bibliotheek/rapporten/2017-0097.pdf | E108: 45748 | F108: Other | G108: National Burden study | H108: 2016 | I108: 2016 | J108: Netherlands | K108: =IF(J108<>"", VLOOKUP(J108, 'Drop down values'!$C$2:$D$195, 2, FALSE), "") -> NLD | L108: Campylobacter | O108: 79000 | R108: 10000 | Y108: 219000
A109: Mangen | B109: 2017 | C109: Disease burden of food-related pathogens in the Netherlands, 2016 | D109: chrome-extension://efaidnbmnnnibpcajpcglclefindmkaj/https://www.rivm.nl/bibliotheek/rapporten/2017-0097.pdf | E109: 45748 | F109: Other | G109: National Burden study | H109: 2016 | I109: 2016 | J109: Netherlands | K109: =IF(J109<>"", VLOOKUP(J109, 'Drop down values'!$C$2:$D$195, 2, FALSE), "") -> NLD | L109: Cryptosporidium | O109: 109000 | R109: 37000 | Y109: 270000
A110: Mangen | B110: 2017 | C110: Disease burden of food-related pathogens in the Netherlands, 2016 | D110: chrome-extension://efaidnbmnnnibpcajpcglclefindmkaj/https://www.rivm.nl/bibliotheek/rapporten/2017-0097.pdf | E110: 45748 | F110: Other | G110: National Burden study | H110: 2016 | I110: 2016 | J110: Netherlands | K110: =IF(J110<>"", VLOOKUP(J110, 'Drop down values'!$C$2:$D$195, 2, FALSE), "") -> NLD | L110: Giardia | O110: 83000 | R110: 46000 | Y110: 156000
A111: Mangen | B111: 2017 | C111: Disease burden of food-related pathogens in the Netherlands, 2016 | D111: chrome-extension://efaidnbmnnnibpcajpcglclefindmkaj/https://www.rivm.nl/bibliotheek/rapporten/2017-0097.pdf | E111: 45748 | F111: Other | G111: National Burden study | H111: 2016 | I111: 2016 | J111: Netherlands | K111: =IF(J111<>"", VLOOKUP(J111, 'Drop down values'!$C$2:$D$195, 2, FALSE), "") -> NLD | L111: Norovirus | O111: 765000 | R111: 527000 | Y111: 1096000
A112: Mangen | B112: 2017 | C112: Disease burden of food-related pathogens in the Netherlands, 2016 | D112: chrome-extension://efaidnbmnnnibpcajpcglclefindmkaj/https://www.rivm.nl/bibliotheek/rapporten/2017-0097.pdf | E112: 45748 | F112: Other | G112: National Burden study | H112: 2016 | I112: 2016 | J112: Netherlands | K112: =IF(J112<>"", VLOOKUP(J112, 'Drop down values'!$C$2:$D$195, 2, FALSE), "") -> NLD | L112: Rotavirus | O112: 138000 | R112: 72000 | Y112: 240000
A113: Mangen | B113: 2017 | C113: Disease burden of food-related pathogens in the Netherlands, 2016 | D113: chrome-extension://efaidnbmnnnibpcajpcglclefindmkaj/https://www.rivm.nl/bibliotheek/rapporten/2017-0097.pdf | E113: 45748 | F113: Other | G113: National Burden study | H113: 2016 | I113: 2016 | J113: Netherlands | K113: =IF(J113<>"", VLOOKUP(J113, 'Drop down values'!$C$2:$D$195, 2, FALSE), "") -> NLD | L113: Salmonella | O113: 32000 | R113: 3000 | Y113: 98000
A114: Mead | B114: 1999 | C114: Food-related illness and death in the United States. | D114: https://www.ncbi.nlm.nih.gov/pmc/articles/PMC2627714/ | E114: 45390 | F114: Other | G114: National Burden study | H114: 1997 | I114: 1997 | J114: United States of America | K114: =IF(J114<>"", VLOOKUP(J114, 'Drop down values'!$C$2:$D$195, 2, FALSE), "") -> USA | L114: Campylobacter | N114: 2453926
A115: Mead | B115: 1999 | C115: Food-related illness and death in the United States. | D115: https://www.ncbi.nlm.nih.gov/pmc/articles/PMC2627714/ | E115: 45390 | F115: Other | G115: National Burden study | H115: 1997 | I115: 1997 | J115: United States of America | K115: =IF(J115<>"", VLOOKUP(J115, 'Drop down values'!$C$2:$D$195, 2, FALSE), "") -> USA | L115: Crypstosporidium | N115: 300000
A116: Mead | B116: 1999 | C116: Food-related illness and death in the United States. | D116: https://www.ncbi.nlm.nih.gov/pmc/articles/PMC2627714/ | E116: 45390 | F116: Other | G116: National Burden study | H116: 1997 | I116: 1997 | J116: United States of America | K116: =IF(J116<>"", VLOOKUP(J116, 'Drop down values'!$C$2:$D$195, 2, FALSE), "") -> USA | L116: Cyclospora | N116: 16264
A117: Mead | B117: 1999 | C117: Food-related illness and death in the United States. | D117: https://www.ncbi.nlm.nih.gov/pmc/articles/PMC2627714/ | E117: 45390 | F117: Other | G117: National Burden study | H117: 1997 | I117: 1997 | J117: United States of America | K117: =IF(J117<>"", VLOOKUP(J117, 'Drop down values'!$C$2:$D$195, 2, FALSE), "") -> USA | L117: ETEC | N117: 79420
A118: Mead | B118: 1999 | C118: Food-related illness and death in the United States. | D118: https://www.ncbi.nlm.nih.gov/pmc/articles/PMC2627714/ | E118: 45390 | F118: Other | G118: National Burden study | H118: 1997 | I118: 1997 | J118: United States of America | K118: =IF(J118<>"", VLOOKUP(J118, 'Drop down values'!$C$2:$D$195, 2, FALSE), "") -> USA | L118: Giardia | N118: 2000000
...

Sheet Mortality
A1: SOURCE_AUTHOR | B1: SOURCE_YEAR | C1: SOURCE_TITLE | D1: SOURCE_URL | E1: OPT_ACCESS_DATE | F1: OPT_STUDY_TYPE | G1: OPT_OTHER_STUDY_TYPE | H1: REF_YEAR_START | I1: REF_YEAR_END | J1: REF_LOCATION | K1: REF_LOCATION_ISO3 | L1: REF_SEX | M1: REF_AGE_START | N1: REF_AGE_END | O1: OPT_MEAN_AGE | P1: OPT_MEDIAN_AGE | Q1: OPT_SUBPOP | R1: OPT_CASES | S1: OPT_DISEASE | T1: REF_SAMPLE_SIZE | U1: VALUE_X | V1: VALUE_MEAN | W1: VALUE_MEDIAN | X1: VALUE_DENOM | Y1: VALUE_SE | Z1: VALUE_P000 | AA1: VALUE_P2_5 | AB1: VALUE_P5 | AC1: VALUE_P10 | AD1: VALUE_P25 | AE1: VALUE_P75 | AF1: VALUE_P90 | AG1: VALUE_P95 | AH1: VALUE_P97_5
A2: Beninca | B2: 2024 | C2: Disease burden of foodrelated pathogens in the Netherlands, 2023 | D2: chrome-extension://efaidnbmnnnibpcajpcglclefindmkaj/https://www.rivm.nl/bibliotheek/rapporten/2024-0146.pdf | E2: 45748 | F2: Other | G2: National Burden study | H2: 2023 | I2: 2023 | J2: Netherlands | K2: =IF(J2<>"", VLOOKUP(J2, 'Drop down values'!$C$2:$D$195, 2, FALSE), "") -> NLD | S2: Campylobacter | V2: 37 | AA2: 25 | AH2: 52
A3: Cressey | B3: 2011 | C3: Estimated incidence of foodborne illness in New Zealand: Application of overseas models and multipliers | D3: https://www.mpi.govt.nz/dmsdocument/4039-Estimated-incidence-of-foodborne-illness-in-New-Zealand-Application-of-overseas-models-and-multipliers | E3: 45716 | F3: Other | G3: National Burden study | H3: 2009 | I3: 2009 | J3: New Zealand | K3: =IF(J3<>"", VLOOKUP(J3, 'Drop down values'!$C$2:$D$195, 2, FALSE), "") -> NZL | S3: Campylobacter | V3: 0 | AB3: 0 | AH3: 0
A4: Glass | B4: 2023 | C4: The Cost of Foodborne Illness and Its Sequelae in Australia Circa 2019 | D4: https://pubmed.ncbi.nlm.nih.gov/37610847/ | E4: 45425 | F4: Other | G4: National Burden study | H4: 2019 | I4: 2019 | J4: Australia | K4: =IF(J4<>"", VLOOKUP(J4, 'Drop down values'!$C$2:$D$195, 2, FALSE), "") -> AUS | S4: Campylobacter | U4: 4 | AB4: 2 | AG4: 5
A5: Havelaar | B5: 2012 | C5: Disease burden of foodborne pathogens in the Netherlands, 2009 | D5: https://pubmed.ncbi.nlm.nih.gov/22541392/ | E5: 45383 | F5: Other | G5: National Burden study | H5: 2009 | I5: 2009 | J5: Netherlands | K5: =IF(J5<>"", VLOOKUP(J5, 'Drop down values'!$C$2:$D$195, 2, FALSE), "") -> NLD | S5: Campylobacter | U5: 38 | AA5: 25 | AG5: 53
A6: Holland | B6: 2020 | C6: Estimating deaths from foodborne disease in the UK for 11 key pathogens | D6: https://bmjopengastro.bmj.com/content/7/1/e000377 | E6: 45419 | F6: Other | G6: National Burden study | H6: 2018 | I6: 2018 | J6: United Kingdom | K6: =IF(J6<>"", VLOOKUP(J6, 'Drop down values'!$C$2:$D$195, 2, FALSE), "") -> GBR | S6: Campylobacter | U6: 45 | AA6: 24 | AH6: 84
A7: Lake | B7: 2000 | C7: Estimated number of cases of foodborne infectious disease in New Zealand | D7: https://pubmed.ncbi.nlm.nih.gov/10935567/ | E7: 45407 | F7: Other | G7: National Burden study | H7: 2000 | I7: 2000 | J7: New Zealand | K7: =IF(J7<>"", VLOOKUP(J7, 'Drop down values'!$C$2:$D$195, 2, FALSE), "") -> NZL | S7: Campylobacter | U7: 1.7
A8: Mangen | B8: 2017 | C8: Disease burden of food-related pathogens in the Netherlands, 2016 | D8: chrome-extension://efaidnbmnnnibpcajpcglclefindmkaj/https://www.rivm.nl/bibliotheek/rapporten/2017-0097.pdf | E8: 45748 | F8: Other | G8: National Burden study | H8: 2016 | I8: 2016 | J8: Netherlands | K8: =IF(J8<>"", VLOOKUP(J8, 'Drop down values'!$C$2:$D$195, 2, FALSE), "") -> NLD | S8: Campylobacter | V8: 57 | AA8: 38 | AH8: 79
A9: Mead | B9: 1999 | C9: Food-related illness and death in the United States. | D9: https://www.ncbi.nlm.nih.gov/pmc/articles/PMC2627714/ | E9: 45390 | F9: Other | G9: National Burden study | H9: 1997 | I9: 1997 | J9: United States of America | K9: =IF(J9<>"", VLOOKUP(J9, 'Drop down values'!$C$2:$D$195, 2, FALSE), "") -> USA | S9: Campylobacter | U9: 124
A10: Pires | B10: 2020 | C10: Burden of Disease Estimates of Seven Pathogens Commonly Transmitted Through Foods in Denmark, 2017 | D10: https://orbit.dtu.dk/en/publications/burden-of-disease-estimates-of-seven-pathogens-commonly-transmitt | E10: 45390 | F10: Other | G10: National Burden study | H10: 2017 | I10: 2017 | J10: Denmark | K10: =IF(J10<>"", VLOOKUP(J10, 'Drop down values'!$C$2:$D$195, 2, FALSE), "") -> DNK | S10: Campylobacter | U10: 56
A11: Pires | B11: 2022 | C11: Health and Economic Burden of Seven Foodborne Diseases in Denmark, 2019 | D11: https://www.liebertpub.com/doi/10.1089/fpd.2022.0031 | E11: 45419 | F11: Other | G11: National Burden study | H11: 2019 | I11: 2019 | J11: Denmark | K11: =IF(J11<>"", VLOOKUP(J11, 'Drop down values'!$C$2:$D$195, 2, FALSE), "") -> DNK | S11: Campylobacter | U11: 41
A12: Scallan | B12: 2011 | C12: Foodborne illness acquired in the United States--major pathogens United States—Major Pathogens | D12: https://www.ncbi.nlm.nih.gov/pmc/articles/PMC3375761/ | E12: 45352 | F12: Other | G12: National Burden study | H12: 2006 | I12: 2006 | J12: United States of America | K12: =IF(J12<>"", VLOOKUP(J12, 'Drop down values'!$C$2:$D$195, 2, FALSE), "") -> USA | S12: Campylobacter | U12: 119 | AB12: 0 | AG12: 523
A13: Scallan Walter | B13: 2025 | C13: Foodborne Illness Acquired in the United States—Major Pathogens, 2019 | D13: https://pmc.ncbi.nlm.nih.gov/articles/PMC11950263/ | E13: 45748 | F13: Other | G13: National Burden study | H13: 2019 | I13: 2019 | J13: United States of America | K13: =IF(J13<>"", VLOOKUP(J13, 'Drop down values'!$C$2:$D$195, 2, FALSE), "") -> USA | S13: Campylobacter | V13: 420 | AB13: 0 | AG13: 1178
A14: Sundström | B14: 2018 | C14: Cost of Illness for Five Major Foodborne Illnesses and Sequelae in Sweden | D14: https://www.ncbi.nlm.nih.gov/pmc/articles/PMC5874275/ | E14: 45392 | F14: Other | G14: National Burden study | H14: 2012 | I14: 2016 | J14: Sweden | K14: =IF(J14<>"", VLOOKUP(J14, 'Drop down values'!$C$2:$D$195, 2, FALSE), "") -> SWE | S14: Campylobacter | U14: 4 | AB14: 2 | AG14: 7
A15: VanCauteren | B15: 2017 | C15: Estimated Annual Numbers of Foodborne Pathogen–Associated Illnesses, Hospitalizations, and Deaths, France, 2008–2013 | D15: https://wwwnc.cdc.gov/eid/article/23/9/17-0081_article | E15: 45406 | F15: Other | G15: National Burden study | H15: 2010 | I15: 2010 | J15: France | K15: =IF(J15<>"", VLOOKUP(J15, 'Drop down values'!$C$2:$D$195, 2, FALSE), "") -> FRA | S15: Campylobacter | U15: 52 | AB15: 33 | AG15: 82
A16: Klopfenstein | B16: 2024 | C16: Burden of Disease of Campylobacteriosis | E16: 45897 | F16: Other | G16: National Burden study | H16: 2022 | I16: 2022 | J16: Switzerland | S16: Campylobacter | U16: 6.4
A17: Van Lier | B17: 2016 | C17: Disease Burden of 32 Infectious Diseases in the Netherlands, 2007-2011 | D17: https://journals.plos.org/plosone/article?id=10.1371/journal.pone.0153106 | E17: 45918 | F17: Other | G17: National Burden study | H17: 2007 | I17: 2011 | J17: Netherlands | K17: =IF(J17<>"", VLOOKUP(J17, 'Drop down values'!$C$2:$D$195, 2, FALSE), "") -> NLD | S17: Campylobacter | U17: 39
A18: Thomas | B18: 2015 | C18: Estimates of Foodborne Illness–Related Hospitalizations and Deaths in Canada for 30 Specified Pathogens and Unspecified Agents | D18: https://pubmed.ncbi.nlm.nih.gov/26259128/ | E18: 45994 | F18: Other | G18: National Burden study | H18: 2000 | I18: 2010 | J18: Canada | S18: Campylobacter | U18: 11 | AB18: 3 | AG18: 25
A19: Cressey | B19: 2014 | C19: Risk Ranking: Updated Estimates of The Burden Of Foodborne Disease For New Zealand In 2013 | D19: https://www.mpi.govt.nz/dmsdocument/14146-Risk-Ranking-Updated-estimates-of-the-burden-of-foodborne-disease-for-New-Zealand-in-2013 | E19: 45716 | F19: Other | G19: National Burden study | H19: 2013 | I19: 2013 | J19: New Zealand | K19: =IF(J19<>"", VLOOKUP(J19, 'Drop down values'!$C$2:$D$195, 2, FALSE), "") -> NZL | S19: Campylobacter | V19: 0.4 | AB19: 0 | AH19: 2
A20: Cressey | B20: 2014 | C20: Risk Ranking: Updated Estimates of The Burden Of Foodborne Disease For New Zealand In 2013 | D20: https://www.mpi.govt.nz/dmsdocument/14146-Risk-Ranking-Updated-estimates-of-the-burden-of-foodborne-disease-for-New-Zealand-in-2013 | E20: 45716 | F20: Other | G20: National Burden study | H20: 2011 | I20: 2011 | J20: New Zealand | K20: =IF(J20<>"", VLOOKUP(J20, 'Drop down values'!$C$2:$D$195, 2, FALSE), "") -> NZL | S20: Campylobacter | V20: 0.4 | AB20: 0 | AH20: 2
A21: Kirk | B21: 2014 | C21: Foodborne illness, Australia, circa 2000 and circa 2010 | D21: https://www.ncbi.nlm.nih.gov/pmc/articles/PMC4214288/ | E21: 45383 | F21: Other | G21: National Burden study | H21: 2010 | I21: 2010 | J21: Australia | K21: =IF(J21<>"", VLOOKUP(J21, 'Drop down values'!$C$2:$D$195, 2, FALSE), "") -> AUS | S21: Campylobacter | U21: 4 | AB21: 3 | AG21: 5
A22: Mead | B22: 1999 | C22: Food-related illness and death in the United States. | D22: https://www.ncbi.nlm.nih.gov/pmc/articles/PMC2627714/ | E22: 45390 | F22: Other | G22: National Burden study | H22: 1997 | I22: 1997 | J22: United States of America | K22: =IF(J22<>"", VLOOKUP(J22, 'Drop down values'!$C$2:$D$195, 2, FALSE), "") -> USA | S22: Crypstosporidium | U22: 66
A23: Beninca | B23: 2024 | C23: Disease burden of foodrelated pathogens in the Netherlands, 2023 | D23: chrome-extension://efaidnbmnnnibpcajpcglclefindmkaj/https://www.rivm.nl/bibliotheek/rapporten/2024-0146.pdf | E23: 45748 | F23: Other | G23: National Burden study | H23: 2023 | I23: 2023 | J23: Netherlands | K23: =IF(J23<>"", VLOOKUP(J23, 'Drop down values'!$C$2:$D$195, 2, FALSE), "") -> NLD | S23: Cryptosporidium | V23: 8 | AA23: 0.16 | AH23: 36
A24: Cressey | B24: 2011 | C24: Estimated incidence of foodborne illness in New Zealand: Application of overseas models and multipliers | D24: https://www.mpi.govt.nz/dmsdocument/4039-Estimated-incidence-of-foodborne-illness-in-New-Zealand-Application-of-overseas-models-and-multipliers | E24: 45716 | F24: Other | G24: National Burden study | H24: 2009 | I24: 2009 | J24: New Zealand | K24: =IF(J24<>"", VLOOKUP(J24, 'Drop down values'!$C$2:$D$195, 2, FALSE), "") -> NZL | S24: Cryptosporidium | V24: 0 | AB24: 0 | AH24: 0
A25: Havelaar | B25: 2012 | C25: Disease burden of foodborne pathogens in the Netherlands, 2010 | D25: https://pubmed.ncbi.nlm.nih.gov/22541392/ | E25: 45383 | F25: Other | G25: National Burden study | H25: 2009 | I25: 2009 | J25: Netherlands | K25: =IF(J25<>"", VLOOKUP(J25, 'Drop down values'!$C$2:$D$195, 2, FALSE), "") -> NLD | S25: Cryptosporidium | U25: 1.7 | AA25: 0 | AG25: 8
A26: Holland | B26: 2020 | C26: Estimating deaths from foodborne disease in the UK for 11 key pathogens | D26: https://bmjopengastro.bmj.com/content/7/1/e000377 | E26: 45419 | F26: Other | G26: National Burden study | H26: 2018 | I26: 2018 | J26: United Kingdom | K26: =IF(J26<>"", VLOOKUP(J26, 'Drop down values'!$C$2:$D$195, 2, FALSE), "") -> GBR | S26: Cryptosporidium | U26: 8 | AA26: 1 | AH26: 43
A27: Mangen | B27: 2017 | C27: Disease burden of food-related pathogens in the Netherlands, 2016 | D27: chrome-extension://efaidnbmnnnibpcajpcglclefindmkaj/https://www.rivm.nl/bibliotheek/rapporten/2017-0097.pdf | E27: 45748 | F27: Other | G27: National Burden study | H27: 2016 | I27: 2016 | J27: Netherlands | K27: =IF(J27<>"", VLOOKUP(J27, 'Drop down values'!$C$2:$D$195, 2, FALSE), "") -> NLD | S27: Cryptosporidium | V27: 7 | AA27: 0 | AH27: 30
A28: Scallan | B28: 2011 | C28: Foodborne illness acquired in the United States--major pathogens United States—Major Pathogens | D28: https://www.ncbi.nlm.nih.gov/pmc/articles/PMC3375761/ | E28: 45352 | F28: Other | G28: National Burden study | H28: 2006 | I28: 2006 | J28: United States of America | K28: =IF(J28<>"", VLOOKUP(J28, 'Drop down values'!$C$2:$D$195, 2, FALSE), "") -> USA | S28: Cryptosporidium | U28: 46 | AB28: 0 | AG28: 241
A29: Van Lier | B29: 2016 | C29: Disease Burden of 32 Infectious Diseases in the Netherlands, 2007-2011 | D29: https://journals.plos.org/plosone/article?id=10.1371/journal.pone.0153106 | E29: 45918 | F29: Other | G29: National Burden study | H29: 2007 | I29: 2011 | J29: Netherlands | K29: =IF(J29<>"", VLOOKUP(J29, 'Drop down values'!$C$2:$D$195, 2, FALSE), "") -> NLD | S29: Cryptosporidium | U29: 2
A30: Thomas | B30: 2015 | C30: Estimates of Foodborne Illness–Related Hospitalizations and Deaths in Canada for 30 Specified Pathogens and Unspecified Agents | D30: https://pubmed.ncbi.nlm.nih.gov/26259128/ | E30: 45995 | F30: Other | G30: National Burden study | H30: 2000 | I30: 2010 | J30: Canada | S30: Cryptosporidium | U30: 1 | AB30: 0 | AG30: 4
A31: Kirk | B31: 2014 | C31: Foodborne illness, Australia, circa 2000 and circa 2018 | D31: https://www.ncbi.nlm.nih.gov/pmc/articles/PMC4214288/ | E31: 45383 | F31: Other | G31: National Burden study | H31: 2010 | I31: 2010 | J31: Australia | K31: =IF(J31<>"", VLOOKUP(J31, 'Drop down values'!$C$2:$D$195, 2, FALSE), "") -> AUS | S31: Cryptosporidium, foodborne | U31: 0 | AB31: 0 | AG31: 0
A32: Mead | B32: 1999 | C32: Food-related illness and death in the United States. | D32: https://www.ncbi.nlm.nih.gov/pmc/articles/PMC2627714/ | E32: 45390 | F32: Other | G32: National Burden study | H32: 1997 | I32: 1997 | J32: United States of America | K32: =IF(J32<>"", VLOOKUP(J32, 'Drop down values'!$C$2:$D$195, 2, FALSE), "") -> USA | S32: Cyclospora | U32: 0
A33: Scallan | B33: 2011 | C33: Foodborne illness acquired in the United States--major pathogens United States—Major Pathogens | D33: https://www.ncbi.nlm.nih.gov/pmc/articles/PMC3375761/ | E33: 45352 | F33: Other | G33: National Burden study | H33: 2006 | I33: 2006 | J33: United States of America | K33: =IF(J33<>"", VLOOKUP(J33, 'Drop down values'!$C$2:$D$195, 2, FALSE), "") -> USA | S33: Cyclospora cayetanensis | U33: 0 | AB33: 0 | AG33: 0
A34: Thomas | B34: 2015 | C34: Estimates of Foodborne Illness–Related Hospitalizations and Deaths in Canada for 30 Specified Pathogens and Unspecified Agents | D34: https://pubmed.ncbi.nlm.nih.gov/26259128/ | E34: 45996 | F34: Other | G34: National Burden study | H34: 2000 | I34: 2010 | J34: Canada | S34: Cyclospora cayetanensis | U34: 0 | AB34: 0 | AG34: 0
A35: Scallan | B35: 2011 | C35: Foodborne illness acquired in the United States--major pathogens United States—Major Pathogens | D35: https://www.ncbi.nlm.nih.gov/pmc/articles/PMC3375761/ | E35: 45352 | F35: Other | G35: National Burden study | H35: 2006 | I35: 2006 | J35: United States of America | K35: =IF(J35<>"", VLOOKUP(J35, 'Drop down values'!$C$2:$D$195, 2, FALSE), "") -> USA | S35: Diarrheagenic E. coli other than STEC and ETEC | U35: 0 | AB35: 0 | AG35: 0
A36: Glass | B36: 2023 | C36: The Cost of Foodborne Illness and Its Sequelae in Australia Circa 2019 | D36: https://pubmed.ncbi.nlm.nih.gov/37610847/ | E36: 45425 | F36: Other | G36: National Burden study | H36: 2019 | I36: 2019 | J36: Australia | K36: =IF(J36<>"", VLOOKUP(J36, 'Drop down values'!$C$2:$D$195, 2, FALSE), "") -> AUS | S36: E coli | U36: 1 | AB36: 0 | AG36: 1
A37: Holland | B37: 2020 | C37: Estimating deaths from foodborne disease in the UK for 11 key pathogens | D37: https://bmjopengastro.bmj.com/content/7/1/e000377 | E37: 45419 | F37: Other | G37: National Burden study | H37: 2018 | I37: 2018 | J37: United Kingdom | K37: =IF(J37<>"", VLOOKUP(J37, 'Drop down values'!$C$2:$D$195, 2, FALSE), "") -> GBR | S37: E coli | U37: 2
A38: Mead | B38: 1999 | C38: Food-related illness and death in the United States. | D38: https://www.ncbi.nlm.nih.gov/pmc/articles/PMC2627714/ | E38: 45390 | F38: Other | G38: National Burden study | H38: 1997 | I38: 1997 | J38: United States of America | K38: =IF(J38<>"", VLOOKUP(J38, 'Drop down values'!$C$2:$D$195, 2, FALSE), "") -> USA | S38: E coli | U38: 61
A39: Mead | B39: 1999 | C39: Food-related illness and death in the United States. | D39: https://www.ncbi.nlm.nih.gov/pmc/articles/PMC2627714/ | E39: 45390 | F39: Other | G39: National Burden study | H39: 1997 | I39: 1997 | J39: United States of America | K39: =IF(J39<>"", VLOOKUP(J39, 'Drop down values'!$C$2:$D$195, 2, FALSE), "") -> USA | S39: E coli | U39: 30
A40: Mead | B40: 1999 | C40: Food-related illness and death in the United States. | D40: https://www.ncbi.nlm.nih.gov/pmc/articles/PMC2627714/ | E40: 45390 | F40: Other | G40: National Burden study | H40: 1997 | I40: 1997 | J40: United States of America | K40: =IF(J40<>"", VLOOKUP(J40, 'Drop down values'!$C$2:$D$195, 2, FALSE), "") -> USA | S40: E coli, other diarrheogenic | U40: 0
A41: Sundström | B41: 2018 | C41: Cost of Illness for Five Major Foodborne Illnesses and Sequelae in Sweden | D41: https://www.ncbi.nlm.nih.gov/pmc/articles/PMC5874275/ | E41: 45392 | F41: Other | G41: National Burden study | H41: 2012 | I41: 2016 | J41: Sweden | K41: =IF(J41<>"", VLOOKUP(J41, 'Drop down values'!$C$2:$D$195, 2, FALSE), "") -> SWE | S41: EHEC (STEC) | U41: 4 | AB41: 2 | AG41: 9
A42: Mead | B42: 1999 | C42: Food-related illness and death in the United States. | D42: https://www.ncbi.nlm.nih.gov/pmc/articles/PMC2627714/ | E42: 45390 | F42: Other | G42: National Burden study | H42: 1997 | I42: 1997 | J42: United States of America | K42: =IF(J42<>"", VLOOKUP(J42, 'Drop down values'!$C$2:$D$195, 2, FALSE), "") -> USA | S42: ETEC | U42: 0
A43: Thomas | B43: 2015 | C43: Estimates of Foodborne Illness–Related Hospitalizations and Deaths in Canada for 30 Specified Pathogens and Unspecified Agents | D43: https://pubmed.ncbi.nlm.nih.gov/26259128/ | E43: 45997 | F43: Other | G43: National Burden study | H43: 2000 | I43: 2010 | J43: Canada | S43: ETEC | U43: 0.5 | AB43: 0 | AG43: 1
A44: Scallan | B44: 2011 | C44: Foodborne illness acquired in the United States--major pathogens United States—Major Pathogens | D44: https://www.ncbi.nlm.nih.gov/pmc/articles/PMC3375761/ | E44: 45352 | F44: Other | G44: National Burden study | H44: 2006 | I44: 2006 | J44: United States of America | K44: =IF(J44<>"", VLOOKUP(J44, 'Drop down values'!$C$2:$D$195, 2, FALSE), "") -> USA | S44: ETEC, foodborne | U44: 0 | AB44: 0 | AG44: 0
A45: Beninca | B45: 2024 | C45: Disease burden of foodrelated pathogens in the Netherlands, 2023 | D45: chrome-extension://efaidnbmnnnibpcajpcglclefindmkaj/https://www.rivm.nl/bibliotheek/rapporten/2024-0146.pdf | E45: 45748 | F45: Other | G45: National Burden study | H45: 2023 | I45: 2023 | J45: Netherlands | K45: =IF(J45<>"", VLOOKUP(J45, 'Drop down values'!$C$2:$D$195, 2, FALSE), "") -> NLD | S45: Giardia | V45: 2 | AA45: 0.06 | AH45: 10
A46: Havelaar | B46: 2012 | C46: Disease burden of foodborne pathogens in the Netherlands, 2012 | D46: https://pubmed.ncbi.nlm.nih.gov/22541392/ | E46: 45383 | F46: Other | G46: National Burden study | H46: 2009 | I46: 2009 | J46: Netherlands | K46: =IF(J46<>"", VLOOKUP(J46, 'Drop down values'!$C$2:$D$195, 2, FALSE), "") -> NLD | S46: Giardia | U46: 2.3 | AA46: 0 | AG46: 9
A47: Holland | B47: 2020 | C47: Estimating deaths from foodborne disease in the UK for 11 key pathogens | D47: https://bmjopengastro.bmj.com/content/7/1/e000377 | E47: 45419 | F47: Other | G47: National Burden study | H47: 2018 | I47: 2018 | J47: United Kingdom | K47: =IF(J47<>"", VLOOKUP(J47, 'Drop down values'!$C$2:$D$195, 2, FALSE), "") -> GBR | S47: Giardia | U47: 0 | AA47: 0 | AH47: 3
A48: Mangen | B48: 2017 | C48: Disease burden of food-related pathogens in the Netherlands, 2016 | D48: chrome-extension://efaidnbmnnnibpcajpcglclefindmkaj/https://www.rivm.nl/bibliotheek/rapporten/2017-0097.pdf | E48: 45748 | F48: Other | G48: National Burden study | H48: 2016 | I48: 2016 | J48: Netherlands | K48: =IF(J48<>"", VLOOKUP(J48, 'Drop down values'!$C$2:$D$195, 2, FALSE), "") -> NLD | S48: Giardia | V48: 2 | AA48: 0 | AH48: 9
A49: Mead | B49: 1999 | C49: Food-related illness and death in the United States. | D49: https://www.ncbi.nlm.nih.gov/pmc/articles/PMC2627714/ | E49: 45390 | F49: Other | G49: National Burden study | H49: 1997 | I49: 1997 | J49: United States of America | K49: =IF(J49<>"", VLOOKUP(J49, 'Drop down values'!$C$2:$D$195, 2, FALSE), "") -> USA | S49: Giardia | U49: 10
A50: Van Lier | B50: 2016 | C50: Disease Burden of 32 Infectious Diseases in the Netherlands, 2007-2011 | D50: https://journals.plos.org/plosone/article?id=10.1371/journal.pone.0153106 | E50: 45918 | F50: Other | G50: National Burden study | H50: 2007 | I50: 2011 | J50: Netherlands | K50: =IF(J50<>"", VLOOKUP(J50, 'Drop down values'!$C$2:$D$195, 2, FALSE), "") -> NLD | S50: Giardia | U50: 2
A51: Cressey | B51: 2011 | C51: Estimated incidence of foodborne illness in New Zealand: Application of overseas models and multipliers | D51: https://www.mpi.govt.nz/dmsdocument/4039-Estimated-incidence-of-foodborne-illness-in-New-Zealand-Application-of-overseas-models-and-multipliers | E51: 45716 | F51: Other | G51: National Burden study | H51: 2009 | I51: 2009 | J51: New Zealand | K51: =IF(J51<>"", VLOOKUP(J51, 'Drop down values'!$C$2:$D$195, 2, FALSE), "") -> NZL | S51: Giardia intestinalis | V51: 0 | AB51: 0 | AH51: 0
A52: Scallan | B52: 2011 | C52: Foodborne illness acquired in the United States--major pathogens United States—Major Pathogens | D52: https://www.ncbi.nlm.nih.gov/pmc/articles/PMC3375761/ | E52: 45352 | F52: Other | G52: National Burden study | H52: 2006 | I52: 2006 | J52: United States of America | K52: =IF(J52<>"", VLOOKUP(J52, 'Drop down values'!$C$2:$D$195, 2, FALSE), "") -> USA | S52: Giardia intestinalis | U52: 34 | AB52: 18 | AG52: 51
A53: Thomas | B53: 2015 | C53: Estimates of Foodborne Illness–Related Hospitalizations and Deaths in Canada for 30 Specified Pathogens and Unspecified Agents | D53: https://pubmed.ncbi.nlm.nih.gov/26259128/ | E53: 45998 | F53: Other | G53: National Burden study | H53: 2000 | I53: 2010 | J53: Canada | S53: Giardia intestinalis | U53: 10 | AB53: 0 | AG53: 23
A54: Kirk | B54: 2014 | C54: Foodborne illness, Australia, circa 2000 and circa 2019 | D54: https://www.ncbi.nlm.nih.gov/pmc/articles/PMC4214288/ | E54: 45383 | F54: Other | G54: National Burden study | H54: 2010 | I54: 2010 | J54: Australia | K54: =IF(J54<>"", VLOOKUP(J54, 'Drop down values'!$C$2:$D$195, 2, FALSE), "") -> AUS | S54: Giardia, foodborne | U54: 0 | AB54: 0 | AG54: 0
A55: Cressey | B55: 2011 | C55: Estimated incidence of foodborne illness in New Zealand: Application of overseas models and multipliers | D55: https://www.mpi.govt.nz/dmsdocument/4039-Estimated-incidence-of-foodborne-illness-in-New-Zealand-Application-of-overseas-models-and-multipliers | E55: 45716 | F55: Other | G55: National Burden study | H55: 2009 | I55: 2009 | J55: New Zealand | K55: =IF(J55<>"", VLOOKUP(J55, 'Drop down values'!$C$2:$D$195, 2, FALSE), "") -> NZL | S55: Non-typhoidal Salmonella | V55: 2 | AB55: 1 | AH55: 3
A56: Scallan | B56: 2011 | C56: Foodborne illness acquired in the United States--major pathogens United States—Major Pathogens | D56: https://www.ncbi.nlm.nih.gov/pmc/articles/PMC3375761/ | E56: 45352 | F56: Other | G56: National Burden study | H56: 2006 | I56: 2006 | J56: United States of America | K56: =IF(J56<>"", VLOOKUP(J56, 'Drop down values'!$C$2:$D$195, 2, FALSE), "") -> USA | S56: Non-typhoidal Salmonella | U56: 452 | AB56: 0 | AG56: 1210
A57: Beninca | B57: 2024 | C57: Disease burden of foodrelated pathogens in the Netherlands, 2023 | D57: chrome-extension://efaidnbmnnnibpcajpcglclefindmkaj/https://www.rivm.nl/bibliotheek/rapporten/2024-0146.pdf | E57: 45748 | F57: Other | G57: National Burden study | H57: 2023 | I57: 2023 | J57: Netherlands | K57: =IF(J57<>"", VLOOKUP(J57, 'Drop down values'!$C$2:$D$195, 2, FALSE), "") -> NLD | S57: Norovirus | V57: 89 | AA57: 36 | AH57: 170
A58: Cressey | B58: 2011 | C58: Estimated incidence of foodborne illness in New Zealand: Application of overseas models and multipliers | D58: https://www.mpi.govt.nz/dmsdocument/4039-Estimated-incidence-of-foodborne-illness-in-New-Zealand-Application-of-overseas-models-and-multipliers | E58: 45716 | F58: Other | G58: National Burden study | H58: 2009 | I58: 2009 | J58: New Zealand | K58: =IF(J58<>"", VLOOKUP(J58, 'Drop down values'!$C$2:$D$195, 2, FALSE), "") -> NZL | S58: Norovirus | V58: 8 | AB58: 5 | AH58: 12
A59: Cressey | B59: 2014 | C59: Risk Ranking: Updated Estimates of The Burden Of Foodborne Disease For New Zealand In 2013 | D59: https://www.mpi.govt.nz/dmsdocument/14146-Risk-Ranking-Updated-estimates-of-the-burden-of-foodborne-disease-for-New-Zealand-in-2013 | E59: 45716 | F59: Other | G59: National Burden study | H59: 2013 | I59: 2013 | J59: New Zealand | K59: =IF(J59<>"", VLOOKUP(J59, 'Drop down values'!$C$2:$D$195, 2, FALSE), "") -> NZL | S59: Norovirus | V59: 5 | AB59: 2 | AH59: 9
A60: Cressey | B60: 2014 | C60: Risk Ranking: Updated Estimates of The Burden Of Foodborne Disease For New Zealand In 2013 | D60: https://www.mpi.govt.nz/dmsdocument/14146-Risk-Ranking-Updated-estimates-of-the-burden-of-foodborne-disease-for-New-Zealand-in-2013 | E60: 45716 | F60: Other | G60: National Burden study | H60: 2011 | I60: 2011 | J60: New Zealand | K60: =IF(J60<>"", VLOOKUP(J60, 'Drop down values'!$C$2:$D$195, 2, FALSE), "") -> NZL | S60: Norovirus | V60: 4.4 | AB60: 1 | AH60: 8
A61: Glass | B61: 2023 | C61: The Cost of Foodborne Illness and Its Sequelae in Australia Circa 2019 | D61: https://pubmed.ncbi.nlm.nih.gov/37610847/ | E61: 45425 | F61: Other | G61: National Burden study | H61: 2019 | I61: 2019 | J61: Australia | K61: =IF(J61<>"", VLOOKUP(J61, 'Drop down values'!$C$2:$D$195, 2, FALSE), "") -> AUS | S61: Norovirus | U61: 1 | AB61: 0 | AG61: 2
A62: Havelaar | B62: 2012 | C62: Disease burden of foodborne pathogens in the Netherlands, 2013 | D62: https://pubmed.ncbi.nlm.nih.gov/22541392/ | E62: 45383 | F62: Other | G62: National Burden study | H62: 2009 | I62: 2009 | J62: Netherlands | K62: =IF(J62<>"", VLOOKUP(J62, 'Drop down values'!$C$2:$D$195, 2, FALSE), "") -> NLD | S62: Norovirus | U62: 56.9 | AA62: 25 | AG62: 105
A63: Holland | B63: 2020 | C63: Estimating deaths from foodborne disease in the UK for 11 key pathogens | D63: https://bmjopengastro.bmj.com/content/7/1/e000377 | E63: 45419 | F63: Other | G63: National Burden study | H63: 2018 | I63: 2018 | J63: United Kingdom | K63: =IF(J63<>"", VLOOKUP(J63, 'Drop down values'!$C$2:$D$195, 2, FALSE), "") -> GBR | S63: Norovirus | U63: 453 | AA63: 252 | AH63: 771
A64: Mangen | B64: 2017 | C64: Disease burden of food-related pathogens in the Netherlands, 2016 | D64: chrome-extension://efaidnbmnnnibpcajpcglclefindmkaj/https://www.rivm.nl/bibliotheek/rapporten/2017-0097.pdf | E64: 45748 | F64: Other | G64: National Burden study | H64: 2016 | I64: 2016 | J64: Netherlands | K64: =IF(J64<>"", VLOOKUP(J64, 'Drop down values'!$C$2:$D$195, 2, FALSE), "") -> NLD | S64: Norovirus | V64: 82 | AA64: 35 | AH64: 155
A65: Pires | B65: 2020 | C65: Burden of Disease Estimates of Seven Pathogens Commonly Transmitted Through Foods in Denmark, 2017 | D65: https://orbit.dtu.dk/en/publications/burden-of-disease-estimates-of-seven-pathogens-commonly-transmitt | E65: 45390 | F65: Other | G65: National Burden study | H65: 2017 | I65: 2017 | J65: Denmark | K65: =IF(J65<>"", VLOOKUP(J65, 'Drop down values'!$C$2:$D$195, 2, FALSE), "") -> DNK | S65: Norovirus | U65: 25.9 | AA65: 20.4 | AH65: 31.7
A66: Pires | B66: 2022 | C66: Health and Economic Burden of Seven Foodborne Diseases in Denmark, 2019 | D66: https://www.liebertpub.com/doi/10.1089/fpd.2022.0031 | E66: 45419 | F66: Other | G66: National Burden study | H66: 2019 | I66: 2019 | J66: Denmark | K66: =IF(J66<>"", VLOOKUP(J66, 'Drop down values'!$C$2:$D$195, 2, FALSE), "") -> DNK | S66: Norovirus | U66: 27
A67: Scallan | B67: 2011 | C67: Foodborne illness acquired in the United States--major pathogens United States—Major Pathogens | D67: https://www.ncbi.nlm.nih.gov/pmc/articles/PMC3375761/ | E67: 45352 | F67: Other | G67: National Burden study | H67: 2006 | I67: 2006 | J67: United States of America | K67: =IF(J67<>"", VLOOKUP(J67, 'Drop down values'!$C$2:$D$195, 2, FALSE), "") -> USA | S67: Norovirus | U67: 149 | AB67: 84 | AG67: 237
A68: Scallan Walter | B68: 2025 | C68: Foodborne Illness Acquired in the United States—Major Pathogens, 2019 | D68: https://pmc.ncbi.nlm.nih.gov/articles/PMC11950263/ | E68: 45748 | F68: Other | G68: National Burden study | H68: 2019 | I68: 2019 | J68: United States of America | K68: =IF(J68<>"", VLOOKUP(J68, 'Drop down values'!$C$2:$D$195, 2, FALSE), "") -> USA | S68: Norovirus | V68: 924 | AB68: 788 | AG68: 1071
A69: VanCauteren | B69: 2017 | C69: Estimated Annual Numbers of Foodborne Pathogen–Associated Illnesses, Hospitalizations, and Deaths, France, 2008–2013 | D69: https://wwwnc.cdc.gov/eid/article/23/9/17-0081_article | E69: 45406 | F69: Other | G69: National Burden study | H69: 2010 | I69: 2010 | J69: France | K69: =IF(J69<>"", VLOOKUP(J69, 'Drop down values'!$C$2:$D$195, 2, FALSE), "") -> FRA | S69: Norovirus | U69: 59 | AB69: 43 | AG69: 80
A70: Verhoef | B70: 2013 | C70: The estimated disease burden of norovirus in The Netherlands | D70: https://pubmed.ncbi.nlm.nih.gov/22595489/ | E70: 45406 | F70: Other | G70: National Burden study | H70: 2009 | I70: 2009 | J70: Netherlands | K70: =IF(J70<>"", VLOOKUP(J70, 'Drop down values'!$C$2:$D$195, 2, FALSE), "") -> NLD | S70: Norovirus | V70: 0.4 | X70: 100000 | AA70: 0.2 | AB70: 0.7
A71: Thomas | B71: 2015 | C71: Estimates of Foodborne Illness–Related Hospitalizations and Deaths in Canada for 30 Specified Pathogens and Unspecified Agents | D71: https://pubmed.ncbi.nlm.nih.gov/26259128/ | E71: 46000 | F71: Other | G71: National Burden study | H71: 2000 | I71: 2010 | J71: Canada | S71: Norovirus | U71: 131 | AB71: 119 | AG71: 144
A72: Kirk | B72: 2014 | C72: Foodborne illness, Australia, circa 2000 and circa 2016 | D72: https://www.ncbi.nlm.nih.gov/pmc/articles/PMC4214288/ | E72: 45383 | F72: Other | G72: National Burden study | H72: 2010 | I72: 2010 | J72: Australia | K72: =IF(J72<>"", VLOOKUP(J72, 'Drop down values'!$C$2:$D$195, 2, FALSE), "") -> AUS | S72: Norovirus, foodborne | U72: 6 | AB72: 0 | AG72: 11
A73: Mead | B73: 1999 | C73: Food-related illness and death in the United States. | D73: https://www.ncbi.nlm.nih.gov/pmc/articles/PMC2627714/ | E73: 45390 | F73: Other | G73: National Burden study | H73: 1997 | I73: 1997 | J73: United States of America | K73: =IF(J73<>"", VLOOKUP(J73, 'Drop down values'!$C$2:$D$195, 2, FALSE), "") -> USA | S73: Norwalk-like viruses | U73: 310
A74: Kirk | B74: 2014 | C74: Foodborne illness, Australia, circa 2000 and circa 2012 | D74: https://www.ncbi.nlm.nih.gov/pmc/articles/PMC4214288/ | E74: 45383 | F74: Other | G74: National Burden study | H74: 2010 | I74: 2010 | J74: Australia | K74: =IF(J74<>"", VLOOKUP(J74, 'Drop down values'!$C$2:$D$195, 2, FALSE), "") -> AUS | S74: Other pathogenic E coli | U74: 0 | AB74: 0 | AG74: 1
A75: Beninca | B75: 2024 | C75: Disease burden of foodrelated pathogens in the Netherlands, 2023 | D75: chrome-extension://efaidnbmnnnibpcajpcglclefindmkaj/https://www.rivm.nl/bibliotheek/rapporten/2024-0146.pdf | E75: 45748 | F75: Other | G75: National Burden study | H75: 2023 | I75: 2023 | J75: Netherlands | K75: =IF(J75<>"", VLOOKUP(J75, 'Drop down values'!$C$2:$D$195, 2, FALSE), "") -> NLD | S75: Rotavirus | V75: 35 | AA75: 11 | AH75: 77
A76: Cressey | B76: 2011 | C76: Estimated incidence of foodborne illness in New Zealand: Application of overseas models and multipliers | D76: https://www.mpi.govt.nz/dmsdocument/4039-Estimated-incidence-of-foodborne-illness-in-New-Zealand-Application-of-overseas-models-and-multipliers | E76: 45716 | F76: Other | G76: National Burden study | H76: 2009 | I76: 2009 | J76: New Zealand | K76: =IF(J76<>"", VLOOKUP(J76, 'Drop down values'!$C$2:$D$195, 2, FALSE), "") -> NZL | S76: Rotavirus | V76: 0 | AB76: 0 | AH76: 1
A77: Havelaar | B77: 2012 | C77: Disease burden of foodborne pathogens in the Netherlands, 2014 | D77: https://pubmed.ncbi.nlm.nih.gov/22541392/ | E77: 45383 | F77: Other | G77: National Burden study | H77: 2009 | I77: 2009 | J77: Netherlands | K77: =IF(J77<>"", VLOOKUP(J77, 'Drop down values'!$C$2:$D$195, 2, FALSE), "") -> NLD | S77: Rotavirus | U77: 57.1 | AA77: 20 | AG77: 122
A78: Holland | B78: 2020 | C78: Estimating deaths from foodborne disease in the UK for 11 key pathogens | D78: https://bmjopengastro.bmj.com/content/7/1/e000377 | E78: 45419 | F78: Other | G78: National Burden study | H78: 2018 | I78: 2018 | J78: United Kingdom | K78: =IF(J78<>"", VLOOKUP(J78, 'Drop down values'!$C$2:$D$195, 2, FALSE), "") -> GBR | S78: Rotavirus | U78: 1 | AA78: 0 | AH78: 4
A79: Mangen | B79: 2017 | C79: Disease burden of food-related pathogens in the Netherlands, 2016 | D79: chrome-extension://efaidnbmnnnibpcajpcglclefindmkaj/https://www.rivm.nl/bibliotheek/rapporten/2017-0097.pdf | E79: 45748 | F79: Other | G79: National Burden study | H79: 2016 | I79: 2016 | J79: Netherlands | K79: =IF(J79<>"", VLOOKUP(J79, 'Drop down values'!$C$2:$D$195, 2, FALSE), "") -> NLD | S79: Rotavirus | V79: 23 | AA79: 7 | AH79: 51
A80: Mead | B80: 1999 | C80: Food-related illness and death in the United States. | D80: https://www.ncbi.nlm.nih.gov/pmc/articles/PMC2627714/ | E80: 45390 | F80: Other | G80: National Burden study | H80: 1997 | I80: 1997 | J80: United States of America | K80: =IF(J80<>"", VLOOKUP(J80, 'Drop down values'!$C$2:$D$195, 2, FALSE), "") -> USA | S80: Rotavirus | U80: 30
A81: Scallan | B81: 2011 | C81: Foodborne illness acquired in the United States--major pathogens United States—Major Pathogens | D81: https://www.ncbi.nlm.nih.gov/pmc/articles/PMC3375761/ | E81: 45352 | F81: Other | G81: National Burden study | H81: 2006 | I81: 2006 | J81: United States of America | K81: =IF(J81<>"", VLOOKUP(J81, 'Drop down values'!$C$2:$D$195, 2, FALSE), "") -> USA | S81: Rotavirus | U81: 32 | AB81: 23 | AG81: 40
A82: Kirk | B82: 2014 | C82: Foodborne illness, Australia, circa 2000 and circa 2017 | D82: https://www.ncbi.nlm.nih.gov/pmc/articles/PMC4214288/ | E82: 45383 | F82: Other | G82: National Burden study | H82: 2010 | I82: 2010 | J82: Australia | K82: =IF(J82<>"", VLOOKUP(J82, 'Drop down values'!$C$2:$D$195, 2, FALSE), "") -> AUS | S82: Rotavirus, foodborne | U82: 0 | AB82: 0 | AG82: 0
A83: Scallan | B83: 2011 | C83: Foodborne illness acquired in the United States--major pathogens United States—Major Pathogens | D83: https://www.ncbi.nlm.nih.gov/pmc/articles/PMC3375761/ | E83: 45352 | F83: Other | G83: National Burden study | H83: 2006 | I83: 2006 | J83: United States of America | K83: =IF(J83<>"", VLOOKUP(J83, 'Drop down values'!$C$2:$D$195, 2, FALSE), "") -> USA | S83: S. enterica | U83: 0 | AB83: 0 | AG83: 0
A84: Beninca | B84: 2024 | C84: Disease burden of foodrelated pathogens in the Netherlands, 2023 | D84: chrome-extension://efaidnbmnnnibpcajpcglclefindmkaj/https://www.rivm.nl/bibliotheek/rapporten/2024-0146.pdf | E84: 45748 | F84: Other | G84: National Burden study | H84: 2023 | I84: 2023 | J84: Netherlands | K84: =IF(J84<>"", VLOOKUP(J84, 'Drop down values'!$C$2:$D$195, 2, FALSE), "") -> NLD | S84: Salmonella | V84: 47 | AA84: 41 | AH84: 54
A85: Ford | B85: 2019 | C85: Cost of Salmonella Infections in Australia, 2015 | D85: https://www.sciencedirect.com/science/article/pii/S0362028X22099057?via%3Dihub | E85: 45373 | F85: Other | G85: National Burden study | H85: 2015 | I85: 2015 | J85: Australia | K85: =IF(J85<>"", VLOOKUP(J85, 'Drop down values'!$C$2:$D$195, 2, FALSE), "") -> AUS | S85: Salmonella | W85: 19 | AB85: 15 | AG85: 22
A86: Glass | B86: 2023 | C86: The Cost of Foodborne Illness and Its Sequelae in Australia Circa 2019 | D86: https://pubmed.ncbi.nlm.nih.gov/37610847/ | E86: 45425 | F86: Other | G86: National Burden study | H86: 2019 | I86: 2019 | J86: Australia | K86: =IF(J86<>"", VLOOKUP(J86, 'Drop down values'!$C$2:$D$195, 2, FALSE), "") -> AUS | S86: Salmonella | U86: 11 | AB86: 8 | AG86: 16
A87: Glass | B87: 2023 | C87: The Cost of Foodborne Illness and Its Sequelae in Australia Circa 2019 | D87: https://pubmed.ncbi.nlm.nih.gov/37610847/ | E87: 45425 | F87: Other | G87: National Burden study | H87: 2019 | I87: 2019 | J87: Australia | K87: =IF(J87<>"", VLOOKUP(J87, 'Drop down values'!$C$2:$D$195, 2, FALSE), "") -> AUS | S87: Salmonella | U87: 0 | AB87: 0 | AG87: 0
A88: Glass-Kaastra | B88: 2022 | C88: Estimated Reduction in the Burden of Nontyphoidal Salmonella Illness in Canada Circa 2019. | D88: https://www.liebertpub.com/doi/10.1089/fpd.2022.0045 | E88: 45419 | F88: Other | G88: National Burden study | H88: 2019 | I88: 2019 | J88: Canada | K88: =IF(J88<>"", VLOOKUP(J88, 'Drop down values'!$C$2:$D$195, 2, FALSE), "") -> CAN | S88: Salmonella | V88: 11 | AB88: 2 | AG88: 23
A89: Havelaar | B89: 2012 | C89: Disease burden of foodborne pathogens in the Netherlands, 2015 | D89: https://pubmed.ncbi.nlm.nih.gov/22541392/ | E89: 45383 | F89: Other | G89: National Burden study | H89: 2009 | I89: 2009 | J89: Netherlands | K89: =IF(J89<>"", VLOOKUP(J89, 'Drop down values'!$C$2:$D$195, 2, FALSE), "") -> NLD | S89: Salmonella | U89: 39.5 | AA89: 34 | AG89: 45
A90: Holland | B90: 2020 | C90: Estimating deaths from foodborne disease in the UK for 11 key pathogens | D90: https://bmjopengastro.bmj.com/content/7/1/e000377 | E90: 45419 | F90: Other | G90: National Burden study | H90: 2018 | I90: 2018 | J90: United Kingdom | K90: =IF(J90<>"", VLOOKUP(J90, 'Drop down values'!$C$2:$D$195, 2, FALSE), "") -> GBR | S90: Salmonella | U90: 37 | AA90: 8 | AH90: 176
A91: Lake | B91: 2000 | C91: Estimated number of cases of foodborne infectious disease in New Zealand | D91: https://pubmed.ncbi.nlm.nih.gov/10935567/ | E91: 45407 | F91: Other | G91: National Burden study | H91: 2000 | I91: 2000 | J91: New Zealand | K91: =IF(J91<>"", VLOOKUP(J91, 'Drop down values'!$C$2:$D$195, 2, FALSE), "") -> NZL | S91: Salmonella | U91: 0.7
A92: Lake | B92: 2000 | C92: Estimated number of cases of foodborne infectious disease in New Zealand | D92: https://pubmed.ncbi.nlm.nih.gov/10935567/ | E92: 45407 | F92: Other | G92: National Burden study | H92: 2000 | I92: 2000 | J92: New Zealand | K92: =IF(J92<>"", VLOOKUP(J92, 'Drop down values'!$C$2:$D$195, 2, FALSE), "") -> NZL | S92: Salmonella | U92: 0
A93: Mangen | B93: 2017 | C93: Disease burden of food-related pathogens in the Netherlands, 2016 | D93: chrome-extension://efaidnbmnnnibpcajpcglclefindmkaj/https://www.rivm.nl/bibliotheek/rapporten/2017-0097.pdf | E93: 45748 | F93: Other | G93: National Burden study | H93: 2016 | I93: 2016 | J93: Netherlands | K93: =IF(J93<>"", VLOOKUP(J93, 'Drop down values'!$C$2:$D$195, 2, FALSE), "") -> NLD | S93: Salmonella | V93: 32 | AA93: 28 | AH93: 37
A94: Mead | B94: 1999 | C94: Food-related illness and death in the United States. | D94: https://www.ncbi.nlm.nih.gov/pmc/articles/PMC2627714/ | E94: 45390 | F94: Other | G94: National Burden study | H94: 1997 | I94: 1997 | J94: United States of America | K94: =IF(J94<>"", VLOOKUP(J94, 'Drop down values'!$C$2:$D$195, 2, FALSE), "") -> USA | S94: Salmonella | U94: 3
A95: Mead | B95: 1999 | C95: Food-related illness and death in the United States. | D95: https://www.ncbi.nlm.nih.gov/pmc/articles/PMC2627714/ | E95: 45390 | F95: Other | G95: National Burden study | H95: 1997 | I95: 1997 | J95: United States of America | K95: =IF(J95<>"", VLOOKUP(J95, 'Drop down values'!$C$2:$D$195, 2, FALSE), "") -> USA | S95: Salmonella | U95: 582
A96: Pires | B96: 2020 | C96: Burden of Disease Estimates of Seven Pathogens Commonly Transmitted Through Foods in Denmark, 2017 | D96: https://orbit.dtu.dk/en/publications/burden-of-disease-estimates-of-seven-pathogens-commonly-transmitt | E96: 45390 | F96: Other | G96: National Burden study | H96: 2017 | I96: 2017 | J96: Denmark | K96: =IF(J96<>"", VLOOKUP(J96, 'Drop down values'!$C$2:$D$195, 2, FALSE), "") -> DNK | S96: Salmonella | U96: 28
A97: Pires | B97: 2022 | C97: Health and Economic Burden of Seven Foodborne Diseases in Denmark, 2019 | D97: https://www.liebertpub.com/doi/10.1089/fpd.2022.0031 | E97: 45419 | F97: Other | G97: National Burden study | H97: 2019 | I97: 2019 | J97: Denmark | K97: =IF(J97<>"", VLOOKUP(J97, 'Drop down values'!$C$2:$D$195, 2, FALSE), "") -> DNK | S97: Salmonella | U97: 10
A98: Scallan Walter | B98: 2025 | C98: Foodborne Illness Acquired in the United States—Major Pathogens, 2019 | D98: https://pmc.ncbi.nlm.nih.gov/articles/PMC11950263/ | E98: 45748 | F98: Other | G98: National Burden study | H98: 2019 | I98: 2019 | J98: United States of America | K98: =IF(J98<>"", VLOOKUP(J98, 'Drop down values'!$C$2:$D$195, 2, FALSE), "") -> USA | S98: Salmonella | V98: 446 | AB98: 15 | AG98: 1092
A99: Sundström | B99: 2018 | C99: Cost of Illness for Five Major Foodborne Illnesses and Sequelae in Sweden | D99: https://www.ncbi.nlm.nih.gov/pmc/articles/PMC5874275/ | E99: 45392 | F99: Other | G99: National Burden study | H99: 2012 | I99: 2016 | J99: Sweden | K99: =IF(J99<>"", VLOOKUP(J99, 'Drop down values'!$C$2:$D$195, 2, FALSE), "") -> SWE | S99: Salmonella | U99: 7 | AB99: 3 | AG99: 14
A100: VanCauteren | B100: 2017 | C100: Estimated Annual Numbers of Foodborne Pathogen–Associated Illnesses, Hospitalizations, and Deaths, France, 2008–2013 | D100: https://wwwnc.cdc.gov/eid/article/23/9/17-0081_article | E100: 45406 | F100: Other | G100: National Burden study | H100: 2010 | I100: 2010 | J100: France | K100: =IF(J100<>"", VLOOKUP(J100, 'Drop down values'!$C$2:$D$195, 2, FALSE), "") -> FRA | S100: Salmonella | U100: 72 | AB100: 62 | AG100: 84
...

Sheet Drop down values
A1: OPT_STUDY_TYPE | B1: REF_LOC_LEVEL | C1: REF_LOCATION | D1: REF_LOCATION_ISO3 | E1: REF_SEX | F1: OPT_CASES | G1: VALUE_UNIT
A2: Outbreak report | B2: National | C2: Afghanistan | D2: AFG | E2: All sexes | F2: All | G2: Days
A3: Cross-sectional study | B3: Sub-national | C3: Albania | D3: ALB | E3: Male | F3: Confirmed | G3: Weeks
A4: Active surveillance | B4: Regional | C4: Algeria | D4: DZA | E4: Female | F4: Probable | G4: Months
A5: Passive surveillance | B5: Global | C5: Andorra | D5: AND | F5: Suspected | G5: Years
A6: Cohort study | C6: Angola | D6: AGO | F6: Other | G6: Other
A7: Case series | C7: Antigua and Barbuda | D7: ATG
A8: Modelling study | C8: Argentina | D8: ARG
A9: Other | C9: Armenia | D9: ARM
C10: Australia | D10: AUS
C11: Austria | D11: AUT
C12: Azerbaijan | D12: AZE
C13: Bahamas | D13: BHS
C14: Bahrain | D14: BHR
C15: Bangladesh | D15: BGD
C16: Barbados | D16: BRB
C17: Belarus | D17: BLR
C18: Belgium | D18: BEL
C19: Belize | D19: BLZ
C20: Benin | D20: BEN
C21: Bhutan | D21: BTN
... C195: Zimbabwe | D195: ZWE
